--
-- Insertion des fausses données
-- Nicolas Crausaz & Maxime Scharwath
-- Version 1 - 03.12.2020
-- 

--SPORT
insert into public.sport (id, name)
values  (2, 'football'),
        (1, 'basketball'),
        (3, 'iceHockey'),
        (4, 'baseball'),
        (5, 'waterpolo'),
        (6, 'handball'),
        (7, 'rugby'),
        (8, 'volleyball');

--FEDERATION
insert into public.federation (id, name, sportid)
values  (3, 'Amator Swiss', 3),
        (1, 'Major USA', 1),
        (7, 'Major testings', 7),
        (2, 'Major China', 2),
        (5, 'Elite district', 5),
        (4, 'Elite organisation', 4),
        (8, 'Elite Japan', 8),
        (6, 'Global elites', 6);

--STADIUM
insert into public.stadium (id, name, address, capacity)
values  (201, 'Malibu stadium', 'South Francescoview, 5819 Pons Laffitte', 36024),
        (202, 'Ranchero stadium', 'Fernandoside, 516 Bonnet du Bac', 10762),
        (203, 'Golf stadium', 'Le gallview, 6690 Lucienne de l''Abbaye', 54355),
        (204, 'A8 stadium', 'Port Micheleland, 69216 Shanie de Caumartin', 88948),
        (205, 'Impala stadium', 'New Daphneside, 75871 Magdalen des Saussaies', 36041),
        (206, 'Model 3 stadium', 'Noelfurt, 78883 Perrin des Lombards', 57266),
        (207, 'Mercielago stadium', 'South Toreyburgh, 586 Meunier d''Argenteuil', 33130),
        (208, 'Ranchero stadium', 'Brittanymouth, 9164 Nicolas du Dahomey', 9180),
        (209, 'Accord stadium', 'New Marty, 72939 Irving d''Assas', 24689),
        (210, 'Impala stadium', 'Lake Elenoraberg, 74377 Bonnet Laffitte', 62092),
        (211, 'PT Cruiser stadium', 'Lemairebury, 077 Fleury Delesseux', 67722),
        (212, 'Explorer stadium', 'New Emilianostad, 399 Eileen des Lombards', 98454),
        (213, 'Mercielago stadium', 'East Keanushire, 180 Jamar des Lombards', 71261),
        (214, 'Civic stadium', 'Rousseaustad, 6001 Marty Delesseux', 70922),
        (215, 'Fiesta stadium', 'South Kolbyhaven, 627 Pierre de Tilsitt', 61879),
        (216, 'Expedition stadium', 'West Helena, 611 Jacquet de Presbourg', 75697),
        (217, 'Civic stadium', 'West Dougstad, 5354 Fritz Charlemagne', 61127),
        (218, 'Impala stadium', 'South Ciceromouth, 67327 Domingo Joubert', 71547),
        (219, 'Charger stadium', 'New Carolineton, 6702 Richard d''Abbeville', 38734),
        (220, 'Model T stadium', 'Blancfurt, 35794 Vidal de Nesle', 13723),
        (221, 'Model S stadium', 'New Favianton, 17473 Fiona de Paris', 726),
        (222, 'Model S stadium', 'South Chelsea, 6129 Felicita Royale', 29882),
        (223, 'F-150 stadium', 'Constantinmouth, 00873 Boyer de Richelieu', 42172),
        (224, 'Model T stadium', 'Port Miracle, 2714 Vivianne des Panoramas', 26311),
        (225, 'Focus stadium', 'East Amina, 046 Guillaume des Rosiers', 78453),
        (226, 'Roadster stadium', 'Baileyside, 8333 Huet d''Orsel', 83580),
        (227, 'LeBaron stadium', 'Lake Oscar, 8603 Myrl des Lombards', 79073),
        (228, 'Impala stadium', 'Olivierburgh, 557 Jean de Richelieu', 80513),
        (229, 'XTS stadium', 'North Chasefort, 005 Dubois Saint-Honoré', 83418),
        (230, 'ATS stadium', 'Port Mariloustad, 33940 Vasseur de Montmorency', 45092),
        (231, 'Grand Cherokee stadium', 'New Cletus, 8818 Hubert du Chat-qui-Pêche', 86537),
        (232, 'Countach stadium', 'North Bonitaview, 3815 Prevost d''Argenteuil', 60233),
        (233, 'El Camino stadium', 'Rubyville, 49450 Dorothea de la Chaussée-d''Antin', 46375),
        (234, 'El Camino stadium', 'Durandmouth, 10426 Raphael d''Abbeville', 56220),
        (235, 'Alpine stadium', 'Percyside, 41449 Fernandez de l''Abbaye', 61303),
        (236, 'F-150 stadium', 'Cloydside, 64679 Brunet de la Huchette', 69271),
        (237, 'Element stadium', 'Port Friedrichfurt, 46609 Boyer de Paris', 14924),
        (238, 'Model 3 stadium', 'Vladimirchester, 812 Gerard Saint-Bernard', 73271),
        (239, 'Model 3 stadium', 'New Donavon, 207 Furman d''Argenteuil', 20237),
        (240, 'Taurus stadium', 'New Makaylaton, 5954 Zena du Bac', 40014),
        (241, 'Grand Cherokee stadium', 'West Randal, 7459 Mable Saint-Séverin', 64343),
        (242, 'Civic stadium', 'Gautiermouth, 65217 Sanchez de Paris', 432),
        (243, 'Malibu stadium', 'Fleuryfurt, 253 Lemaire du Chat-qui-Pêche', 30546),
        (244, 'Ranchero stadium', 'Port Noemimouth, 4925 Bourgeois Molière', 8438),
        (245, 'Charger stadium', 'Nicolasstad, 285 Ernestina Saint-Honoré', 40169),
        (246, 'Volt stadium', 'West Jessica, 6816 Deschamps Dauphine', 35596),
        (247, 'Altima stadium', 'West Ward, 2869 D''angelo de la Huchette', 39658),
        (248, '911 stadium', 'Lake Travisport, 22200 Karine Montorgueil', 36106),
        (249, 'Prius stadium', 'Francoisshire, 2392 Mortimer de Seine', 14285),
        (250, 'Sentra stadium', 'South Jovani, 61069 Savanah de la Huchette', 18896),
        (251, 'Corvette stadium', 'North Tobinville, 8561 Melissa Monsieur-le-Prince', 52195),
        (252, 'A8 stadium', 'Nicolaville, 84249 Minnie du Bac', 2697),
        (253, 'Altima stadium', 'Vidalville, 0861 Petit de Rivoli', 29047),
        (254, 'Model S stadium', 'West Kenyatta, 19293 Orie Molière', 68803),
        (255, 'Altima stadium', 'New Elouiseville, 9483 Leclerc de la Pompe', 91270),
        (256, 'Accord stadium', 'East Geoffreyshire, 160 Dumont de Tilsitt', 46017),
        (257, 'CTS stadium', 'South Linneashire, 00752 Jena Lepic', 74262),
        (258, 'Grand Caravan stadium', 'Victoriamouth, 51717 Patricia Saint-Dominique', 13658),
        (259, 'Model 3 stadium', 'New Corrineburgh, 9228 Arnaud de l''Odéon', 67226),
        (260, 'A8 stadium', 'Keatonmouth, 68686 Kristin Mouffetard', 53258),
        (261, 'Charger stadium', 'West Vivienne, 6082 Leclercq d''Alésia', 1861),
        (262, 'Charger stadium', 'Lake Peterton, 41746 Rey Pierre Charron', 6646),
        (263, 'Prius stadium', 'Lake Elmirafort, 843 Gavin de la Bûcherie', 71392),
        (264, 'Element stadium', 'South Jarrod, 268 Pearl de Rivoli', 63247),
        (265, 'A8 stadium', 'New Neil, 0555 Kellen de Tilsitt', 3976),
        (266, 'Cruze stadium', 'Leonefort, 721 Imelda du Faubourg-Saint-Denis', 75228),
        (267, 'PT Cruiser stadium', 'West Thurman, 504 Lemaire Molière', 47559),
        (268, 'Camaro stadium', 'North Rettaland, 5805 Dumas d''Assas', 46286),
        (269, 'Land Cruiser stadium', 'East Alexzander, 14045 Emily du Bac', 3407),
        (270, 'Grand Caravan stadium', 'North Stephanieville, 50203 Renard Zadkine', 80637),
        (271, 'Civic stadium', 'Dumasfurt, 895 Roy Mouffetard', 2437),
        (272, 'Mustang stadium', 'East Mattie, 44582 Poirier Saint-Séverin', 77012),
        (273, 'PT Cruiser stadium', 'South Gregorio, 68424 David de Vaugirard', 20171),
        (274, 'Taurus stadium', 'Gautierbury, 2153 Laine de la Pompe', 85530),
        (275, 'Explorer stadium', 'North Morrisburgh, 8311 Marie d''Abbeville', 24032),
        (276, 'Cruze stadium', 'Remybury, 3351 Fontaine Saint-Honoré', 52067),
        (277, 'Land Cruiser stadium', 'Andrewtown, 3822 Quentin de la Chaussée-d''Antin', 39159),
        (278, 'Altima stadium', 'Dupuisberg, 98850 Benoit de la Paix', 86955),
        (279, 'Durango stadium', 'Jeanborough, 37222 Jaylan Saint-Honoré', 11077),
        (280, 'Corvette stadium', 'Bernieceton, 29357 Andrew Royale', 9111),
        (281, 'Altima stadium', 'Marchandmouth, 6760 Mortimer Saint-Dominique', 95598),
        (282, 'Accord stadium', 'North Raheem, 4535 Nicolas de Richelieu', 27481),
        (283, 'Colorado stadium', 'Guillaumemouth, 378 Renard Charlemagne', 52506),
        (284, 'PT Cruiser stadium', 'East Paolo, 580 Huet de Solférino', 92088),
        (285, 'Accord stadium', 'West Nellieshire, 48487 Rodriguez Pastourelle', 76722),
        (286, 'Camry stadium', 'Olivierville, 743 Olivier des Grands Augustins', 72922),
        (287, 'Challenger stadium', 'Lake Cynthia, 76430 Cortez de Rivoli', 73700),
        (288, 'Cruze stadium', 'Bridieland, 185 Michel du Faubourg-Saint-Denis', 81225),
        (289, 'Roadster stadium', 'South Casimer, 295 Elvis d''Orsel', 65451),
        (290, 'Ranchero stadium', 'New Mabel, 1142 Joseph Mouffetard', 86839),
        (291, 'Countach stadium', 'Renardberg, 40352 Mathieu Royale', 35076),
        (292, 'Wrangler stadium', 'Lake Gersonberg, 765 Adam du Faubourg-Saint-Denis', 87222),
        (293, 'Escalade stadium', 'Quincyberg, 309 Perrin Saint-Dominique', 38555),
        (294, 'Focus stadium', 'Lake Jerry, 372 Fleury de Richelieu', 18185),
        (295, 'Model T stadium', 'Bertrandberg, 622 Lambert du Faubourg Saint-Honoré', 55789),
        (296, 'Impala stadium', 'South Lacymouth, 919 Sanchez de la Victoire', 76296),
        (297, 'F-150 stadium', 'Picardbury, 030 Sanchez Saint-Honoré', 27805),
        (298, 'F-150 stadium', 'Bonnettown, 1402 Augustus Royale', 77935),
        (299, 'A8 stadium', 'Blanchaven, 14287 Elias Saint-Dominique', 35715),
        (300, 'Charger stadium', 'Colinmouth, 98245 Le gall de Solférino', 57952),
        (301, 'A8 stadium', 'Louistown, 927 Aiyana de Vaugirard', 99973),
        (302, 'Model T stadium', 'Kristianberg, 601 Wyman Joubert', 49636),
        (303, 'Colorado stadium', 'New Nyahborough, 419 Vincent Laffitte', 33422),
        (304, 'Model T stadium', 'New Carmenton, 6997 Louie de Nesle', 9664),
        (305, 'Durango stadium', 'Chadrickland, 90103 Winona du Faubourg Saint-Honoré', 30622),
        (306, 'Wrangler stadium', 'East Mervin, 07515 Rolland Charlemagne', 49922),
        (307, 'Land Cruiser stadium', 'West Cathrine, 475 Dupont La Boétie', 88109),
        (308, 'Golf stadium', 'Huetside, 2384 Lon Monsieur-le-Prince', 86948),
        (309, 'Colorado stadium', 'Deontechester, 7218 Cornell de Paris', 14186),
        (310, 'Camry stadium', 'Winifredchester, 74131 Elissa de Tilsitt', 57718),
        (311, 'Cruze stadium', 'Sabrynahaven, 115 Kaylie Saint-Honoré', 70114),
        (312, 'Mustang stadium', 'Sunnymouth, 131 Huet Joubert', 36061),
        (313, 'Camaro stadium', 'North Dixie, 97139 Lucio des Saussaies', 78289),
        (314, 'Golf stadium', 'Haroldbury, 39478 Bonnet Mouffetard', 37372),
        (315, 'Ranchero stadium', 'Bryceside, 6636 Percival Vaneau', 2570),
        (316, 'CTS stadium', 'North Kailynton, 58041 Laurent Charlemagne', 85686),
        (317, 'XTS stadium', 'Lake Antwonbury, 4483 Ross de Rivoli', 93773),
        (318, 'Civic stadium', 'Lamontton, 8737 Nella Royale', 94906),
        (319, 'Jetta stadium', 'New Londonport, 5178 Renault Joubert', 82677),
        (320, 'Jetta stadium', 'Port Russelchester, 8400 Louis Du Sommerard', 34017),
        (321, 'Mustang stadium', 'South Reyes, 529 Da silva du Faubourg-Saint-Denis', 38637),
        (322, 'Accord stadium', 'New Christop, 056 Meggie de Nesle', 37962),
        (323, 'Malibu stadium', 'Gautierville, 03699 Marie Vaneau', 74416),
        (324, 'Altima stadium', 'Tabithaside, 55943 Lucas Zadkine', 10313),
        (325, 'Challenger stadium', 'Zionhaven, 84466 Paul Charlemagne', 44766),
        (326, 'Land Cruiser stadium', 'North Maegan, 6492 Lowell Saint-Séverin', 93595),
        (327, 'Focus stadium', 'Lake Cortney, 63706 Le gall de Caumartin', 96551),
        (328, 'Durango stadium', 'Lake Gregoriaborough, 10502 Chase de Seine', 86675),
        (329, 'Impala stadium', 'Le gallbury, 54464 Justine des Saussaies', 81070),
        (330, 'Jetta stadium', 'Port Erna, 32482 Eulalia Adolphe Mille', 51141),
        (331, 'Roadster stadium', 'New Juliannestad, 0008 Gauthier Saint-Jacques', 56626),
        (332, 'A8 stadium', 'West Justonhaven, 335 Berger de Nesle', 17695),
        (333, 'ATS stadium', 'Port Maidachester, 828 Roux Oberkampf', 79358),
        (334, 'Cruze stadium', 'Port Aracelyhaven, 784 Wade des Lombards', 25173),
        (335, 'Cruze stadium', 'North Olinland, 76579 Deven Mouffetard', 96901),
        (336, 'Civic stadium', 'Nickolastown, 24235 Haven de l''Odéon', 31526),
        (337, 'Altima stadium', 'Davontehaven, 674 Bailee de Seine', 7121),
        (338, 'Impala stadium', 'North Crystelland, 92989 Louis Joubert', 56595),
        (339, 'A8 stadium', 'West David, 3155 Moreau de la Pompe', 12863),
        (340, 'Alpine stadium', 'East Elroyland, 328 Sanchez Vaneau', 92194),
        (341, 'Spyder stadium', 'Poirierhaven, 2837 Annetta Du Sommerard', 20327),
        (342, 'Mustang stadium', 'Lefevreport, 43442 Riviere Mouffetard', 35962),
        (343, 'Element stadium', 'Port Felicity, 64371 Roger Marcadet', 79814),
        (344, 'Grand Cherokee stadium', 'West Sheridanburgh, 2714 Marcelo Dauphine', 75928),
        (345, 'Model S stadium', 'North Adolphusview, 80374 Foster Lepic', 62242),
        (346, 'Explorer stadium', 'New Herbert, 477 Meyer Dauphine', 42193),
        (347, 'Countach stadium', 'Pollychester, 34836 Vivian d''Orsel', 80629),
        (348, 'Explorer stadium', 'Mullerberg, 139 Da silva de la Chaussée-d''Antin', 80430),
        (349, 'ATS stadium', 'Lake Alejandrin, 921 Pons Charlemagne', 69382),
        (350, 'Altima stadium', 'Shyanneberg, 467 Fleury Dauphine', 40971),
        (351, 'Mustang stadium', 'North Chasityland, 82299 Myron d''Alésia', 46098),
        (352, 'Grand Caravan stadium', 'West Eltonfort, 904 Bertrand Pastourelle', 35718),
        (353, 'Impala stadium', 'Port Urban, 104 Hollis d''Abbeville', 15360),
        (354, 'Challenger stadium', 'Arnaudchester, 62959 Kory de la Huchette', 64434),
        (355, 'Jetta stadium', 'Zacharybury, 104 Maillard de Vaugirard', 60663),
        (356, 'A8 stadium', 'Margaretttown, 0496 Nicolas des Francs-Bourgeois', 88309),
        (357, 'El Camino stadium', 'North Catherineborough, 755 Antonina Montorgueil', 61906),
        (358, 'Fiesta stadium', 'East Robbie, 0316 Novella de Vaugirard', 39922),
        (359, 'Charger stadium', 'North Reeceland, 360 Zachary Saint-Séverin', 73614),
        (360, 'Camaro stadium', 'Laurentport, 22730 Baron de la Huchette', 54883),
        (361, 'Explorer stadium', 'Lake Daytonport, 1431 Prevost Saint-Bernard', 55358),
        (362, 'Taurus stadium', 'West Ryleighton, 1801 Myrl de Nesle', 15098),
        (363, 'Countach stadium', 'West Lawrencemouth, 8416 Laine de Caumartin', 73567),
        (364, 'Impala stadium', 'West Kingtown, 779 Fleury Vaneau', 47807),
        (365, 'Model T stadium', 'Thomaschester, 35152 Adam de Solférino', 53596),
        (366, 'Grand Cherokee stadium', 'Lake Orenville, 61713 Lambert des Rosiers', 70830),
        (367, 'A4 stadium', 'East Aricland, 394 Renard de la Pompe', 61312),
        (368, 'Escalade stadium', 'South Gregoriochester, 429 Jon des Lombards', 48803),
        (369, 'Countach stadium', 'New Lavern, 3562 Kacey de Seine', 30484),
        (370, 'CTS stadium', 'East Saige, 01484 Andre de l''Abbaye', 38755),
        (371, 'Impala stadium', 'West Ianfurt, 0334 Garcia des Saussaies', 35875),
        (372, 'Model T stadium', 'New Natshire, 597 Alyson Dauphine', 2562),
        (373, 'Impala stadium', 'Emmanuelleport, 78736 Gwendolyn du Dahomey', 85922),
        (374, 'F-150 stadium', 'Rivierestad, 5302 Lacroix de l''Abbaye', 54341),
        (375, 'Expedition stadium', 'North Colemanport, 47410 Tyrese du Havre', 93393),
        (376, 'F-150 stadium', 'Royburgh, 6281 Julien de Vaugirard', 40945),
        (377, 'Ranchero stadium', 'Zoeybury, 2461 Sanchez du Dahomey', 37161),
        (378, 'A4 stadium', 'East Desmondfort, 841 Robin de la Victoire', 77875),
        (379, 'Element stadium', 'Port Jonathonville, 690 Thomas de Tilsitt', 91052),
        (380, 'A4 stadium', 'North Melba, 102 Gerard Monsieur-le-Prince', 76478),
        (381, 'Beetle stadium', 'New Judy, 4935 Jesus de la Paix', 22432),
        (382, 'Prius stadium', 'Kyleeview, 104 Rolland Saint-Bernard', 93676),
        (383, 'Focus stadium', 'Andrebury, 1458 Guillot Marcadet', 12866),
        (384, 'Grand Cherokee stadium', 'Andrefurt, 063 Catharine d''Argenteuil', 71251),
        (385, 'Taurus stadium', 'South Eldred, 46921 Petit de la Paix', 15945),
        (386, 'Model T stadium', 'South Marco, 82370 Eudora de la Paix', 81939),
        (387, 'Expedition stadium', 'Lake Vickie, 507 Thomas des Panoramas', 226),
        (388, 'Roadster stadium', 'Port Madisenville, 0733 Damien Mouffetard', 24401),
        (389, 'Corvette stadium', 'New Sandra, 360 Guerin de la Bûcherie', 47099),
        (390, 'Explorer stadium', 'Obiehaven, 9340 Martin d''Alésia', 73114),
        (391, 'Roadster stadium', 'Lake Alekport, 08668 Emanuel de Tilsitt', 44492),
        (392, 'A4 stadium', 'Reyside, 322 Cecile Monsieur-le-Prince', 4648),
        (393, 'ATS stadium', 'Blancburgh, 742 Tabitha des Rosiers', 23707),
        (394, 'PT Cruiser stadium', 'West Imani, 0622 Federico La Boétie', 78404),
        (395, 'Model 3 stadium', 'North Richmond, 542 Carre du Dahomey', 72835),
        (396, 'Element stadium', 'Lillieside, 309 Marchal Molière', 44170),
        (397, 'Camry stadium', 'New Clydeton, 3691 Vasseur Lepic', 9592),
        (398, 'Durango stadium', 'East Eleonore, 985 Francois Saint-Denis', 259),
        (399, 'Colorado stadium', 'Giraudton, 115 Picard de Richelieu', 9204),
        (400, 'Wrangler stadium', 'Parishaven, 6862 Elsie du Chat-qui-Pêche', 96103);


--LEAGUE
insert into public.league (id, level, gender, federationid)
values  (3, 'Liga Invernal Veracruzana', 'F', 1),
        (4, 'Arizona Fall League', 'F', 2),
        (1, 'Major League', 'M', 3),
        (2, 'China National', 'M', 4),
        (5, 'National League', 'M', 5),
        (6, 'Slovak Extraliga', 'M', 6),
        (7, 'Damettan', 'F', 7),
        (8, 'Chinese New Alliance', 'M', 8),
        (13, 'Ghetto Discrict', 'M', 5),
        (9, 'Liga Pilipinas', 'F', 1),
        (12, 'National Alliance League', 'M', 4),
        (16, 'Kianaland Distric', 'F', 8),
        (19, 'Joementum League', 'M', 3),
        (18, 'Bumbledom Official', 'M', 2),
        (17, 'Japan United ', 'M', 1),
        (15, 'Victorian League', 'F', 7),
        (11, 'NBL League', 'M', 3),
        (14, 'Eastern Pro League', 'M', 6),
        (10, 'MNBL', 'F', 2);

--SEASON
insert into public.season (id, name, startat, endat)
values  (61, '2018-2019', '2018-01-31', '2020-07-03'),
        (62, '2018-2019', '2018-06-03', '2020-03-25'),
        (63, '2018-2019', '2018-06-12', '2021-07-16'),
        (64, '2018-2019', '2018-04-20', '2018-06-14'),
        (65, '2018-2019', '2018-05-12', '2021-06-27'),
        (66, '2018-2019', '2018-01-01', '2019-07-24'),
        (67, '2018-2019', '2018-07-30', '2019-02-16'),
        (68, '2018-2019', '2018-04-10', '2018-05-07'),
        (69, '2018-2019', '2018-04-25', '2018-10-24'),
        (70, '2018-2019', '2018-07-27', '2019-01-31'),
        (71, '2019-2020', '2019-02-11', '2019-11-22'),
        (72, '2019-2020', '2019-08-24', '2020-11-04'),
        (73, '2019-2020', '2019-02-25', '2019-08-16'),
        (74, '2019-2020', '2019-03-16', '2019-09-27'),
        (75, '2019-2020', '2019-07-27', '2021-02-19'),
        (76, '2019-2020', '2019-05-28', '2019-07-03'),
        (77, '2019-2020', '2019-01-03', '2019-05-12'),
        (78, '2019-2020', '2019-05-31', '2020-01-07'),
        (79, '2019-2020', '2019-05-21', '2019-07-28'),
        (80, '2019-2020', '2019-01-17', '2021-09-26'),
        (81, '2020-2021', '2020-06-10', '2021-04-25'),
        (82, '2020-2021', '2020-08-15', '2021-01-02'),
        (83, '2020-2021', '2020-07-21', '2021-01-30'),
        (84, '2020-2021', '2020-07-30', '2021-03-01'),
        (85, '2020-2021', '2020-08-25', '2021-07-03'),
        (86, '2020-2021', '2020-07-07', '2020-08-07'),
        (87, '2020-2021', '2020-04-07', '2020-06-28'),
        (88, '2020-2021', '2020-05-12', '2021-03-05'),
        (89, '2020-2021', '2020-05-12', '2021-01-01'),
        (90, '2020-2021', '2020-02-14', '2020-05-23');

--championship
insert into public.championship (id, name, startat, endat, seasonid, leagueid)
values  (3, 'Qualifiers', '2020-11-03', '2020-11-24', 61, 1),
        (4, 'Qualifiers', '2020-11-03', '2020-11-24', 62, 2),
        (5, 'Qualifiers', '2020-11-03', '2020-11-24', 63, 3),
        (6, 'Qualifiers', '2020-11-03', '2020-11-24', 64, 4),
        (7, 'Qualifiers', '2020-11-03', '2020-11-24', 65, 5),
        (8, 'Qualifiers', '2020-11-03', '2020-11-24', 66, 6),
        (9, 'Qualifiers', '2020-11-03', '2020-11-24', 67, 7),
        (10, 'Qualifiers', '2020-11-03', '2020-11-24', 68, 8),
        (11, 'Qualifiers', '2020-11-03', '2020-11-24', 69, 9),
        (12, 'Qualifiers', '2020-11-03', '2020-11-24', 70, 10),
        (13, 'Qualifiers', '2020-11-03', '2020-11-24', 71, 11),
        (14, 'Qualifiers', '2020-11-03', '2020-11-24', 72, 12),
        (15, 'Qualifiers', '2020-11-03', '2020-11-24', 73, 13),
        (16, 'Qualifiers', '2020-11-03', '2020-11-24', 74, 14),
        (17, 'Qualifiers', '2020-11-03', '2020-11-24', 75, 15),
        (18, 'Qualifiers', '2020-11-03', '2020-11-24', 76, 16),
        (19, 'Qualifiers', '2020-11-03', '2020-11-24', 77, 17),
        (20, 'Qualifiers', '2020-11-03', '2020-11-24', 78, 18),
        (21, 'Qualifiers', '2020-11-03', '2020-11-24', 79, 19),
        (22, 'First round', '2020-11-03', '2020-11-24', 61, 1),
        (23, 'First round', '2020-11-03', '2020-11-24', 63, 3),
        (24, 'First round', '2020-11-03', '2020-11-24', 64, 4),
        (25, 'First round', '2020-11-03', '2020-11-24', 65, 5),
        (26, 'First round', '2020-11-03', '2020-11-24', 66, 6),
        (27, 'First round', '2020-11-03', '2020-11-24', 67, 7),
        (28, 'First round', '2020-11-03', '2020-11-24', 68, 8),
        (29, 'First round', '2020-11-03', '2020-11-24', 69, 9),
        (30, 'First round', '2020-11-03', '2020-11-24', 70, 10),
        (31, 'First round', '2020-11-03', '2020-11-24', 71, 11),
        (32, 'First round', '2020-11-03', '2020-11-24', 72, 12),
        (33, 'First round', '2020-11-03', '2020-11-24', 73, 13),
        (34, 'First round', '2020-11-03', '2020-11-24', 74, 14),
        (35, 'First round', '2020-11-03', '2020-11-24', 75, 15),
        (36, 'First round', '2020-11-03', '2020-11-24', 76, 16),
        (37, 'First round', '2020-11-03', '2020-11-24', 77, 17),
        (38, 'First round', '2020-11-03', '2020-11-24', 78, 18),
        (39, 'First round', '2020-11-03', '2020-11-24', 62, 2),
        (40, 'First round', '2020-11-03', '2020-11-24', 79, 19),
        (41, 'Second Round', '2020-11-03', '2020-11-24', 61, 1),
        (42, 'Second Round', '2020-11-03', '2020-11-24', 63, 3),
        (43, 'Second Round', '2020-11-03', '2020-11-24', 64, 4),
        (44, 'Second Round', '2020-11-03', '2020-11-24', 65, 5),
        (45, 'Second Round', '2020-11-03', '2020-11-24', 66, 6),
        (46, 'Second Round', '2020-11-03', '2020-11-24', 67, 7),
        (47, 'Second Round', '2020-11-03', '2020-11-24', 68, 8),
        (48, 'Second Round', '2020-11-03', '2020-11-24', 69, 9),
        (49, 'Second Round', '2020-11-03', '2020-11-24', 70, 10),
        (50, 'Second Round', '2020-11-03', '2020-11-24', 71, 11),
        (51, 'Second Round', '2020-11-03', '2020-11-24', 72, 12),
        (52, 'Second Round', '2020-11-03', '2020-11-24', 73, 13),
        (53, 'Second Round', '2020-11-03', '2020-11-24', 74, 14),
        (54, 'Second Round', '2020-11-03', '2020-11-24', 75, 15),
        (55, 'Second Round', '2020-11-03', '2020-11-24', 76, 16),
        (56, 'Second Round', '2020-11-03', '2020-11-24', 77, 17),
        (57, 'Second Round', '2020-11-03', '2020-11-24', 78, 18),
        (58, 'Second Round', '2020-11-03', '2020-11-24', 62, 2),
        (59, 'Second Round', '2020-11-03', '2020-11-24', 79, 19),
        (60, 'Playoffs', '2020-11-03', '2020-11-24', 71, 11),
        (61, 'Playoffs', '2020-11-03', '2020-11-24', 72, 12),
        (62, 'Playoffs', '2020-11-03', '2020-11-24', 73, 13),
        (63, 'Playoffs', '2020-11-03', '2020-11-24', 74, 14),
        (64, 'Playoffs', '2020-11-03', '2020-11-24', 75, 15),
        (65, 'Playoffs', '2020-11-03', '2020-11-24', 76, 16),
        (66, 'Playoffs', '2020-11-03', '2020-11-24', 77, 17),
        (67, 'Playoffs', '2020-11-03', '2020-11-24', 78, 18),
        (68, 'Playoffs', '2020-11-03', '2020-11-24', 62, 2),
        (69, 'Playoffs', '2020-11-03', '2020-11-24', 79, 19);

--CLUB
insert into public.club (id, name, sportid)
values  (1, 'Termite Chevalierberg', 6),
        (2, 'Seahorse North Tracetown', 5),
        (3, 'Bat Aliyahport', 2),
        (4, 'Sparrow South Matilde', 3),
        (5, 'Hummingbird North Mckaylamouth', 4),
        (6, 'Eel Lake Zachery', 3),
        (7, 'Sand Dollar Port Zionmouth', 5),
        (8, 'Meerkat New Audreanneville', 3),
        (9, 'Ant North Brooksbury', 6),
        (10, 'Coyote Karleystad', 1),
        (11, 'Chough East Alf', 4),
        (12, 'Rook Port Jaimefort', 4),
        (13, 'Cheetah Morinshire', 7),
        (14, 'Crane North Nelda', 5),
        (15, 'Lyrebird Lake Dorianfort', 4),
        (16, 'Sand Dollar Lillianchester', 2),
        (17, 'Swallow Garryshire', 3),
        (18, 'Louse Hellenville', 5),
        (19, 'Goat Lake Ashley', 2),
        (20, 'Hippopotamus Port Stephanymouth', 5),
        (21, 'Chicken Domenicaland', 5),
        (22, 'Parrot West Sylvester', 3),
        (23, 'Llama Lamberthaven', 5),
        (24, 'Peafowl Fatemibury', 2),
        (25, 'Giraffe Lake Ernesto', 2),
        (26, 'Woodpecker Dumontchester', 1),
        (27, 'Turkey West Billiefurt', 3),
        (28, 'Woodcock Isaiahside', 7),
        (29, 'Goshawk East Rosella', 5),
        (30, 'Porcupine West Bulahchester', 1),
        (31, 'Hamster North Augustine', 3),
        (32, 'Capybara West Hopeland', 6),
        (33, 'Nightingale Port Fionaton', 5),
        (34, 'Barracuda Renaudton', 4),
        (35, 'Ram North Oscar', 4),
        (36, 'Lapwing New Brooklyn', 2),
        (37, 'Wildcat Rubiehaven', 1),
        (38, 'Barracuda South Yasmine', 6),
        (39, 'Dugong South Lorenzotown', 6),
        (40, 'Dinosaur Billchester', 7),
        (41, 'Baboon West Fayeton', 2),
        (42, 'Antelope East Valentine', 7),
        (43, 'Hare Rocheland', 3),
        (44, 'Capybara Lake Chelseaview', 6),
        (45, 'Lemur Humbertotown', 5),
        (46, 'Kouprey Roberttown', 7),
        (47, 'Turkey South Ashly', 5),
        (48, 'Panther Dumontside', 7),
        (49, 'Reindeer Lake Lauren', 4),
        (50, 'Red panda North Myriamland', 5),
        (51, 'Pheasant East Christopherside', 5);

--TEAM
insert into public.team (id, name, clubid, leagueid)
values  (2, 'Termite Chevalierberg 2', 1, 1),
        (3, 'Seahorse North Tracetown 1', 2, 1),
        (4, 'Bat Aliyahport 1', 3, 1),
        (5, 'Sparrow South Matilde 1', 4, 1),
        (6, 'Hummingbird North Mckaylamouth 1', 5, 1),
        (7, 'Eel Lake Zachery 1', 6, 2),
        (8, 'Sand Dollar Port Zionmouth 1', 7, 2),
        (9, 'Meerkat New Audreanneville 1', 8, 2),
        (10, 'Ant North Brooksbury 1', 9, 2),
        (11, 'Coyote Karleystad 1', 10, 2),
        (12, 'Chough East Alf 1', 11, 2),
        (13, 'Rook Port Jaimefort 1', 12, 2),
        (14, 'Cheetah Morinshire 1', 13, 3),
        (15, 'Crane North Nelda 1', 14, 3),
        (16, 'Lyrebird Lake Dorianfort 1', 15, 3),
        (17, 'Sand Dollar Lillianchester 1', 16, 3),
        (18, 'Swallow Garryshire 1', 17, 3),
        (19, 'Louse Hellenville 1', 18, 3),
        (20, 'Goat Lake Ashley 1', 19, 3),
        (21, 'Hippopotamus Port Stephanymouth 1', 20, 4),
        (22, 'Chicken Domenicaland 1', 21, 4),
        (23, 'Parrot West Sylvester 1', 22, 4),
        (24, 'Llama Lamberthaven 1', 23, 4),
        (25, 'Peafowl Fabrebury 1', 24, 4),
        (26, 'Giraffe Lake Ernesto 1', 25, 4),
        (27, 'Woodpecker Dumontchester 1', 26, 4),
        (28, 'Turkey West Billiefurt 1', 27, 4),
        (29, 'Woodcock Isaiahside 1', 28, 4),
        (30, 'Goshawk East Rosella 1', 29, 4),
        (31, 'Porcupine West Bulahchester 1', 30, 4),
        (32, 'Hamster North Augustine 1', 31, 5),
        (33, 'Capybara West Hopeland 1', 32, 5),
        (34, 'Nightingale Port Fionaton 1', 33, 5),
        (35, 'Barracuda Renaudton 1', 34, 5),
        (36, 'Ram North Oscar 1', 35, 5),
        (37, 'Lapwing New Brooklyn 1', 36, 5),
        (38, 'Wildcat Rubiehaven 1', 37, 5),
        (39, 'Barracuda South Yasmine 1', 38, 5),
        (40, 'Dugong South Lorenzotown 1', 39, 5),
        (41, 'Dinosaur Billchester 1', 40, 5),
        (42, 'Baboon West Fayeton 1', 41, 6),
        (43, 'Antelope East Valentine 1', 42, 6),
        (44, 'Hare Rocheland 1', 43, 6),
        (45, 'Capybara Lake Chelseaview 1', 44, 6),
        (46, 'Lemur Humbertotown 1', 45, 7),
        (47, 'Kouprey Roberttown 1', 46, 7),
        (48, 'Turkey South Ashly 1', 47, 7),
        (49, 'Panther Dumontside 1', 48, 7),
        (50, 'Reindeer Lake Lauren', 49, 7),
        (51, 'Red panda North Myriamland 1', 50, 7),
        (52, 'Pheasant East Rodrigoside 1', 51, 7),
        (53, 'Termite Chevalierberg 2', 1, 1),
        (97, 'Lemur Humbertotown 2', 45, 7),
        (67, 'Lyrebird Lake Dorianfort 2', 15, 3),
        (99, 'Turkey South Ashly 2', 47, 7),
        (94, 'Antelope East Valentine 2', 42, 6),
        (80, 'Woodcock Isaiahside 2', 28, 4),
        (92, 'Dinosaur Billchester 2', 40, 5),
        (64, 'Rook Port Jaimefort 2', 12, 2),
        (58, 'Eel Lake Zachery 2', 6, 2),
        (96, 'Capybara Lake Chelseaview 2', 44, 6),
        (103, 'Pheasant East Rodrigoside 2', 51, 7),
        (87, 'Ram North Oscar 2', 35, 5),
        (81, 'Goshawk East Rosella 2', 29, 4),
        (63, 'Chough East Alf 2', 11, 2),
        (66, 'Crane North Nelda 2', 14, 3),
        (101, 'Reindeer Lake Lauren 2', 49, 7),
        (69, 'Swallow Garryshire 2', 17, 3),
        (68, 'Sand Dollar Lillianchester 2', 16, 3),
        (98, 'Kouprey Roberttown 2', 46, 7),
        (56, 'Sparrow South Matilde 2', 4, 1),
        (57, 'Hummingbird North Mckaylamouth 2', 5, 1),
        (74, 'Parrot West Sylvester 2', 22, 4),
        (76, 'Peafowl Fabrebury 2', 24, 4),
        (89, 'Wildcat Rubiehaven 2', 37, 5),
        (72, 'Hippopotamus Port Stephanymouth 2', 20, 4),
        (71, 'Goat Lake Ashley 2', 19, 3),
        (95, 'Hare Rocheland 2', 43, 6),
        (86, 'Barracuda Renaudton 2', 34, 5),
        (91, 'Dugong South Lorenzotown 2', 39, 5),
        (73, 'Chicken Domenicaland 2', 21, 4),
        (75, 'Llama Lamberthaven 2', 23, 4),
        (61, 'Ant North Brooksbury 2', 9, 2),
        (60, 'Meerkat New Audreanneville 2', 8, 2),
        (79, 'Turkey West Billiefurt 2', 27, 4),
        (54, 'Seahorse North Tracetown 2', 2, 1),
        (84, 'Capybara West Hopeland 2', 32, 5),
        (78, 'Woodpecker Dumontchester 2', 26, 4),
        (102, 'Red panda North Myriamland 2', 50, 7),
        (88, 'Lapwing New Brooklyn 2', 36, 5),
        (90, 'Barracuda South Yasmine 2', 38, 5),
        (70, 'Louse Hellenville 2', 18, 3),
        (82, 'Porcupine West Bulahchester 2', 30, 4),
        (59, 'Sand Dollar Port Zionmouth 2', 7, 2),
        (77, 'Giraffe Lake Ernesto 2', 25, 4),
        (100, 'Panther Dumontside 2', 48, 7),
        (62, 'Coyote Karleystad 2', 10, 2),
        (93, 'Baboon West Fayeton 2', 41, 6),
        (55, 'Bat Aliyahport 2', 3, 1),
        (83, 'Hamster North Augustine 2', 31, 5),
        (65, 'Cheetah Morinshire 2', 13, 3),
        (85, 'Nightingale Port Fionaton 2', 33, 5);

--EVENT
insert into public.event (uid, name, startat, endat, createdat, updatedat, stadiumid)
values  ('a437e4d9-7f47-48de-88ba-922fa2f4bb83', 'haptic contingency Home Fantastic Buckinghamshire', '2013-04-06 08:39:24.143000', '2013-04-06 15:34:51.602000', '2020-11-24 11:13:02.743236', '2020-11-24 11:13:02.743236', 239),
        ('735b0577-94d9-43db-aa17-d1406424f74f', 'FTP Cotton Small Licensed functionalities', '2018-02-01 15:11:00.503000', '2018-02-02 07:55:52.529000', '2020-11-24 11:13:02.861585', '2020-11-24 11:13:02.861585', 373),
        ('c56d3193-370d-47ed-bd02-b73cc4da3119', 'quantify copying transmitter program mint', '2010-11-14 07:28:18.583000', '2010-11-14 21:55:54.624000', '2020-11-24 11:13:02.917028', '2020-11-24 11:13:02.917028', 375),
        ('a40e53c1-a31e-414b-9266-930621a2216b', 'e-business unleash Unbranded c Electronics', '2013-03-22 17:10:40.923000', '2013-03-24 11:27:41.506000', '2020-11-24 11:13:02.973123', '2020-11-24 11:13:02.973123', 232),
        ('8944fc9c-647c-4ca7-95f5-1e925efc2ae8', 'PNG backing purple Mozambique withdrawal', '2021-05-15 07:25:46.868000', '2021-05-15 20:31:45.386000', '2020-11-24 11:13:03.017054', '2020-11-24 11:13:03.017054', 255),
        ('87f8734d-d305-4c81-a641-80fe73b7156a', 'cross-platform redundant open-source back-end a', '2010-12-24 17:27:58.841000', '2010-12-24 20:37:43.891000', '2020-11-24 11:13:03.061399', '2020-11-24 11:13:03.061399', 232),
        ('b2683997-b2f1-4d7f-b7ab-b6c54e582e97', 'flexibility b Balanced b grey', '2018-09-01 14:58:17.454000', '2018-09-03 12:51:55.422000', '2020-11-24 11:13:03.145792', '2020-11-24 11:13:03.145792', 211),
        ('6e52ba2a-9f1f-4705-99c1-59ace671eee7', 'Generic a back Granite calculating', '2014-09-28 13:26:03.239000', '2014-09-29 12:48:36.081000', '2020-11-24 11:13:03.201148', '2020-11-24 11:13:03.201148', 334),
        ('a4a35fe7-345f-4a9e-8633-60187653dae2', 'Inverse b Decentralized Multi-channelled Licensed', '2020-06-26 08:25:27.510000', '2020-06-26 23:50:23.300000', '2020-11-24 11:13:03.256968', '2020-11-24 11:13:03.256968', 387),
        ('283723fb-f7df-4f3f-9077-c80c6ed4d865', 'Guernsey Liberia Frozen Lorraine Argentina', '2020-02-21 08:20:00.148000', '2020-02-22 12:34:12.825000', '2020-11-24 11:13:03.312692', '2020-11-24 11:13:03.312692', 364),
        ('bc2079bb-17bc-47b5-ba42-f4fd2caca4fa', 'IB engineer FTP Reduced Cyprus', '2018-04-26 02:14:46.908000', '2018-04-26 21:10:46.107000', '2020-11-24 11:13:03.356883', '2020-11-24 11:13:03.356883', 323),
        ('df407886-fe7a-4d3e-8807-f807b241f979', 'synergy Kids overriding non-volatile de', '2010-10-22 22:19:32.638000', '2010-10-24 04:44:15.090000', '2020-11-24 11:13:03.401319', '2020-11-24 11:13:03.401319', 271),
        ('40c61e82-c912-40bf-bc7a-af039ac96076', 'a evolve real-time Bonaparte Account', '2019-01-19 01:32:28.418000', '2019-01-21 01:05:53.026000', '2020-11-24 11:13:03.503539', '2020-11-24 11:13:03.503539', 290),
        ('43893260-36d6-4d58-99e2-abc3b376979e', 'b deposit Avon Frozen SDD', '2016-02-11 15:27:53.912000', '2016-02-13 08:10:29.787000', '2020-11-24 11:13:03.561618', '2020-11-24 11:13:03.561618', 288),
        ('35371a7b-bce8-47d4-8e40-61e6be3fb04b', 'b Poitou-Charentes Mayotte invoice interface', '2018-12-12 09:30:18.669000', '2018-12-13 21:28:35.869000', '2020-11-24 11:13:03.606904', '2020-11-24 11:13:03.606904', 220),
        ('eea63320-6c6e-4783-9e08-cd3fda6fef5c', 'synergies innovative protocol orchid asynchronous', '2017-02-23 10:49:09.920000', '2017-02-25 00:47:32.168000', '2020-11-24 11:13:03.661720', '2020-11-24 11:13:03.661720', 210),
        ('d6ab4b41-9ce3-4e8f-a539-c28a552cc168', 'national withdrawal Practical Saint-Bernard encryption', '2014-11-28 02:35:23.771000', '2014-11-28 03:46:52.101000', '2020-11-24 11:13:03.705868', '2020-11-24 11:13:03.705868', 277),
        ('a0193a50-8777-4bd4-887d-9df88736ddf0', 'Midi-Pyrénées application Manager Bike integrate', '2013-01-14 13:21:43.464000', '2013-01-15 00:03:26.878000', '2020-11-24 11:13:03.767380', '2020-11-24 11:13:03.767380', 391),
        ('44c59ca2-fd6b-435d-acff-2a1cdc96a8ec', 'system Checking Borders Ngultrum Money', '2021-01-02 20:46:51.671000', '2021-01-03 16:05:49.818000', '2020-11-24 11:13:03.827123', '2020-11-24 11:13:03.827123', 343),
        ('c7f204c2-8f7a-48a7-897a-22e9b7eee5f3', 'transmitter Handcrafted Consultant conglomeration virtual', '2013-07-25 20:56:49.591000', '2013-07-27 10:45:30.518000', '2020-11-24 11:13:03.896841', '2020-11-24 11:13:03.896841', 287),
        ('5be050e6-526a-4179-a98b-894894154fd5', 'Kids hacking interface implement Ergonomic', '2018-09-18 15:59:21.979000', '2018-09-20 04:04:45.832000', '2020-11-24 11:13:03.949797', '2020-11-24 11:13:03.949797', 306),
        ('11d9573b-b47c-4579-ac3e-cd987bee04fd', 'reboot flexibility Assimilated Intelligent enterprise', '2016-12-10 16:19:06.346000', '2016-12-12 12:47:56.375000', '2020-11-24 11:13:04.004018', '2020-11-24 11:13:04.004018', 233),
        ('c33e785e-7349-4a1b-b1c6-1f10949cbc28', 'a Car China CFA Generic', '2021-05-18 09:06:53.920000', '2021-05-18 14:56:42.387000', '2020-11-24 11:13:04.057994', '2020-11-24 11:13:04.057994', 384),
        ('6e66df52-7bdb-459a-b02c-17eb4475d279', 'Brazil PCI Won invoice a', '2017-10-15 22:22:11.320000', '2017-10-17 15:54:55.613000', '2020-11-24 11:13:04.101884', '2020-11-24 11:13:04.101884', 358),
        ('b1a18bf8-5221-4d0f-afb9-d97c77bf02af', 'Languedoc-Roussillon Ergonomic Self-enabling intuitive Tasty', '2018-03-23 13:13:15.342000', '2018-03-23 20:02:19.121000', '2020-11-24 11:13:04.145449', '2020-11-24 11:13:04.145449', 216),
        ('15a4c9ee-9ef7-4739-a703-d8b5b7c5c0dc', 'bandwidth Incredible sensor Account monitor', '2011-07-06 15:33:36.479000', '2011-07-06 15:41:27.846000', '2020-11-24 11:13:04.190319', '2020-11-24 11:13:04.190319', 206),
        ('d2393041-2901-4421-ba58-bba883187c1f', 'c Practical ivory clear-thinking Soap', '2010-07-15 04:47:52.901000', '2010-07-15 20:53:02.564000', '2020-11-24 11:13:04.238976', '2020-11-24 11:13:04.238976', 373),
        ('2556421a-3e10-4b18-a6d7-9220c382ffe8', 'Baby RSS synthesizing Health navigating', '2022-08-22 13:50:32.264000', '2022-08-23 00:48:24.215000', '2020-11-24 11:13:04.283458', '2020-11-24 11:13:04.283458', 347),
        ('b9494f8c-6117-44c0-a68b-21fee037fe63', 'c Aquitaine Fish Avon flexibility', '2015-12-26 19:09:49.855000', '2015-12-28 00:52:39.420000', '2020-11-24 11:13:04.335024', '2020-11-24 11:13:04.335024', 312),
        ('c7d95295-af2d-42eb-98a8-fa505b1f0126', 'input c IB Cambridgeshire wireless', '2010-12-01 12:48:30.763000', '2010-12-03 01:18:03.942000', '2020-11-24 11:13:04.383470', '2020-11-24 11:13:04.383470', 273),
        ('e2f60f80-f8d3-4c6a-8c79-8bb3dcea4d96', 'withdrawal up Champagne-Ardenne navigating reboot', '2013-09-15 13:09:17.746000', '2013-09-15 13:11:16.721000', '2020-11-24 11:13:04.434301', '2020-11-24 11:13:04.434301', 250),
        ('843c5f3d-f762-48d8-a6f1-eb1df4980ee1', 'Health Kroon neural Technicien Music', '2018-01-29 01:38:20.573000', '2018-01-30 20:48:23.350000', '2020-11-24 11:13:04.479036', '2020-11-24 11:13:04.479036', 220),
        ('631f3167-e5c2-4a97-b7ad-816cea4affef', 'black RAM Tools Nauru Bourgogne', '2018-01-17 10:08:26.471000', '2018-01-18 09:12:07.711000', '2020-11-24 11:13:04.524638', '2020-11-24 11:13:04.524638', 261),
        ('6adc48c5-8ff2-49d6-b75b-90356abb6579', 'web-enabled Picardie Automotive Electronics drive', '2020-11-17 08:22:13.638000', '2020-11-17 23:46:36.510000', '2020-11-24 11:13:04.568046', '2020-11-24 11:13:04.568046', 336),
        ('2b75edcd-f770-4063-aaff-4a1d50850beb', 'Awesome Car withdrawal Market neural', '2019-06-19 08:56:32.891000', '2019-06-19 19:58:39.834000', '2020-11-24 11:13:04.613355', '2020-11-24 11:13:04.613355', 329),
        ('414d11c5-f6f7-426d-acac-978817812f62', 'Vatu Granite Investment Designer b', '2012-06-23 13:40:27.323000', '2012-06-23 13:51:00.592000', '2020-11-24 11:13:04.656543', '2020-11-24 11:13:04.656543', 314),
        ('e8ce91cf-4463-49f0-b3df-5e6a309b7f9a', 'a Turks Movies Bike Concrete', '2016-07-22 18:08:34.758000', '2016-07-22 23:17:36.603000', '2020-11-24 11:13:04.694838', '2020-11-24 11:13:04.694838', 225),
        ('3807653a-2364-4710-b01e-38d17da8d5b7', 'User-friendly Serbia neural Saussaies Sleek', '2014-11-09 23:17:06.007000', '2014-11-10 03:00:48.336000', '2020-11-24 11:13:04.739877', '2020-11-24 11:13:04.739877', 326),
        ('05ca610f-8ac3-42ee-a62a-719fc45f30e2', 'Avon Kong back-end Chips Borders', '2014-05-29 10:06:10.758000', '2014-05-29 11:52:41.018000', '2020-11-24 11:13:04.783699', '2020-11-24 11:13:04.783699', 303),
        ('631151fb-baa2-4e5e-baa3-62363fc4bd4a', 'c testing Small transmit communities', '2017-11-26 09:17:15.602000', '2017-11-27 14:54:52.655000', '2020-11-24 11:13:04.861188', '2020-11-24 11:13:04.861188', 263),
        ('8bb680f5-9693-4953-aa17-0621426fcf36', 'Incredible 24/7 Multi-layered Concrete Darussalam', '2014-04-10 16:42:44.151000', '2014-04-11 10:37:12.879000', '2020-11-24 11:13:04.905485', '2020-11-24 11:13:04.905485', 313),
        ('a686d95c-e0af-4579-a2d5-c6545525f217', 'Rubber Ingenieur Italy mission-critical Buckinghamshire', '2013-05-26 06:41:48.530000', '2013-05-26 13:10:36.633000', '2020-11-24 11:13:04.949794', '2020-11-24 11:13:04.949794', 244),
        ('74c01e2c-f739-4826-bad3-6aece52f963e', 'Avon Developpeur Jewelery B2C 1080p', '2011-03-06 23:24:14.680000', '2011-03-07 01:45:12.703000', '2020-11-24 11:13:04.994354', '2020-11-24 11:13:04.994354', 255),
        ('5521babf-89ac-4607-8186-354f956f8359', 'Plastic SQL Account Keyboard b', '2018-07-21 18:42:15.209000', '2018-07-22 05:32:44.593000', '2020-11-24 11:13:05.090502', '2020-11-24 11:13:05.090502', 273),
        ('3350bd2a-01d5-45e8-aa2d-25e8a48c200a', 'Chips c Berkshire bluetooth panel', '2015-07-26 20:48:07.898000', '2015-07-27 13:50:33.897000', '2020-11-24 11:13:05.178647', '2020-11-24 11:13:05.178647', 323),
        ('1a7c815c-caa8-469c-ab3c-80a40d5734d3', 'panel c Money overriding Chicken', '2017-02-01 08:51:19.947000', '2017-02-03 00:28:22.155000', '2020-11-24 11:13:05.278810', '2020-11-24 11:13:05.278810', 251),
        ('7c7f49ce-e3c0-432f-873e-432e9004d09a', 'solutions Account grow a Managed', '2017-03-20 05:20:36.660000', '2017-03-21 13:45:52.880000', '2020-11-24 11:13:05.379274', '2020-11-24 11:13:05.379274', 303),
        ('b1eed968-567c-4c9d-9a99-803e87f8f099', 'synthesize Rubber Haute-Normandie Federation Wooden', '2021-08-29 15:06:31.783000', '2021-08-29 21:37:12.487000', '2020-11-24 11:13:05.572188', '2020-11-24 11:13:05.572188', 388),
        ('93c19071-de12-460f-8011-4e0628e75547', 'Small synergies monitor primary Handcrafted', '2015-02-08 06:12:45.332000', '2015-02-09 15:05:22.287000', '2020-11-24 11:13:05.688002', '2020-11-24 11:13:05.688002', 299),
        ('a006ccd5-d50e-40ef-88cc-671f5a2beb5e', 'systems orchid hard USB Fresh', '2014-05-23 21:21:37.320000', '2014-05-25 04:44:56.159000', '2020-11-24 11:13:05.727913', '2020-11-24 11:13:05.727913', 376),
        ('539d404b-5829-40de-81ed-98b00ba2a667', 'c models partnerships Euro withdrawal', '2022-11-08 13:57:09.320000', '2022-11-08 23:53:28.814000', '2020-11-24 11:13:05.772034', '2020-11-24 11:13:05.772034', 339),
        ('344df282-0164-4fe9-b2fc-c5cace0095c6', 'withdrawal paradigms program Account b', '2022-05-18 08:06:56.731000', '2022-05-19 13:28:43.934000', '2020-11-24 11:13:05.816512', '2020-11-24 11:13:05.816512', 360),
        ('f3f1d9ed-21f3-434a-8c58-eb55e0900e88', 'Bedfordshire Borders connect c connect', '2015-09-18 20:44:35.787000', '2015-09-20 15:45:05.561000', '2020-11-24 11:13:05.860942', '2020-11-24 11:13:05.860942', 236),
        ('a57adcd6-6941-44f2-af6a-c7d6eed9ca54', 'withdrawal Technicien FTP payment des', '2014-03-06 02:33:38.142000', '2014-03-06 09:33:43.931000', '2020-11-24 11:13:05.911957', '2020-11-24 11:13:05.911957', 334),
        ('f936f9ba-05a3-4015-aa7d-43c84f9b49d6', 'deploy Borders Frozen Ergonomic Unit', '2010-04-03 08:22:32.189000', '2010-04-04 20:46:13.654000', '2020-11-24 11:13:05.961316', '2020-11-24 11:13:05.961316', 377),
        ('6489403b-5e37-454e-8ee0-b5dc6aada125', 'copying Fresh Account pink users', '2022-05-19 07:02:16.542000', '2022-05-20 11:29:40.762000', '2020-11-24 11:13:06.017052', '2020-11-24 11:13:06.017052', 224),
        ('b9b38b03-f7e2-42df-bb50-11ebba38176f', 'Rupee hacking transmitter Djibouti Nauru', '2014-10-10 14:05:04.264000', '2014-10-11 08:33:25.905000', '2020-11-24 11:13:06.072013', '2020-11-24 11:13:06.072013', 388),
        ('babc0501-a751-42bd-b4e0-394d24d2abba', 'Royale capacitor Guyana supply-chains Tasty', '2022-06-18 00:18:02.727000', '2022-06-18 01:31:03.111000', '2020-11-24 11:13:06.111971', '2020-11-24 11:13:06.111971', 277),
        ('b4eacd33-d873-40ac-90e7-6f3b81914d31', 'navigate EXE payment Handcrafted Fish', '2018-01-15 05:50:21.571000', '2018-01-16 23:25:51.117000', '2020-11-24 11:13:06.167822', '2020-11-24 11:13:06.167822', 329),
        ('689e4de1-bfea-4b13-9eed-7e3089a87aec', 'a value-added Front-line online Wooden', '2015-02-08 04:19:57.146000', '2015-02-08 15:48:04.655000', '2020-11-24 11:13:06.223070', '2020-11-24 11:13:06.223070', 215),
        ('4595f3ce-dafa-4d51-a5af-11f84b6cf7b1', 'Jamahiriya logistical Germany Progressive Towels', '2016-02-03 14:20:32.025000', '2016-02-03 21:28:30.980000', '2020-11-24 11:13:06.261083', '2020-11-24 11:13:06.261083', 275),
        ('3a4a7694-9a76-4a91-9e0c-e280728fbf09', 'Languedoc-Roussillon Loan Cotton generating synthesize', '2014-03-17 15:05:08.681000', '2014-03-17 21:14:28.182000', '2020-11-24 11:13:06.300828', '2020-11-24 11:13:06.300828', 248),
        ('4adf65c2-ff70-4623-a5db-ffcd56eb7a40', 'metrics Technicien bus Granite reboot', '2013-08-11 14:31:48.764000', '2013-08-11 18:18:36.107000', '2020-11-24 11:13:06.345838', '2020-11-24 11:13:06.345838', 332),
        ('2ef80158-c5b4-4b13-94a5-01e050062b34', 'time-frame Pound Afghani cross-platform clear-thinking', '2012-11-19 12:26:21.286000', '2012-11-20 18:29:58.508000', '2020-11-24 11:13:06.394942', '2020-11-24 11:13:06.394942', 374),
        ('32671292-c81d-4334-9bde-884f531576b1', 'THX Colombian visionary Account c', '2016-02-11 12:11:44.166000', '2016-02-13 10:05:24.807000', '2020-11-24 11:13:06.445257', '2020-11-24 11:13:06.445257', 328),
        ('86dcb3ad-e8cc-4938-a8bb-5192dfb6b12d', 'Guinea reboot Nord-Pas-de-Calais Card Chilean', '2019-09-23 21:44:02.791000', '2019-09-24 11:17:08.688000', '2020-11-24 11:13:06.517851', '2020-11-24 11:13:06.517851', 378),
        ('a3fd0521-f696-4e6c-9006-e4cf99101902', 'disintermediate navigating Account Centre Vision-oriented', '2016-12-11 05:11:44.259000', '2016-12-12 05:25:55.981000', '2020-11-24 11:13:06.572182', '2020-11-24 11:13:06.572182', 234),
        ('07943412-187d-4e78-bfad-651302d796f5', 'turn-key deliver Computer Small Sharable', '2019-08-17 09:47:31.007000', '2019-08-18 13:32:15.792000', '2020-11-24 11:13:06.623583', '2020-11-24 11:13:06.623583', 380),
        ('cf666546-c10f-4ac8-8f6e-08ea210a12fe', 'Jewelery Shirt Corse quantifying interactive', '2010-01-02 03:20:44.755000', '2010-01-02 14:56:20.717000', '2020-11-24 11:13:06.661308', '2020-11-24 11:13:06.661308', 228),
        ('9f24289f-2147-4a6c-bc29-b3ad25fb7606', 'RAM Zadkine Account discrete extranet', '2015-04-03 10:52:58.535000', '2015-04-05 05:54:58.868000', '2020-11-24 11:13:06.706889', '2020-11-24 11:13:06.706889', 357),
        ('5f0f1efc-0c63-4800-a228-89f360abad4a', 'Developpeur Dollar Salad override Pants', '2017-01-06 20:23:18.930000', '2017-01-07 06:43:17.549000', '2020-11-24 11:13:06.749629', '2020-11-24 11:13:06.749629', 263),
        ('70003208-476f-4eab-8c22-a23acd6ae18f', 'optical Account synergize frictionless Car', '2015-06-19 11:01:54.824000', '2015-06-19 21:44:15.588000', '2020-11-24 11:13:06.794682', '2020-11-24 11:13:06.794682', 338),
        ('23455485-48ca-4a85-b5d7-54af52d61178', 'firmware Garden Assistant info-mediaries c', '2011-07-24 01:27:54.236000', '2011-07-25 01:03:11.403000', '2020-11-24 11:13:06.838794', '2020-11-24 11:13:06.838794', 356),
        ('542ebd71-83f3-4075-8ee8-f108630abbe0', 'B2C b a invoice interface', '2021-01-09 10:06:57.659000', '2021-01-10 22:40:13.992000', '2020-11-24 11:13:06.894868', '2020-11-24 11:13:06.894868', 365),
        ('fb8d626c-f208-400a-9cc8-78a6b649b61d', 'Avon Synergized bus RAM Music', '2017-10-29 22:19:04.339000', '2017-10-31 11:58:21.180000', '2020-11-24 11:13:06.938610', '2020-11-24 11:13:06.938610', 217),
        ('4cc92e2b-824b-44ba-b738-99005df5e28e', 'Berkshire calculate Fish a override', '2011-08-09 21:25:55.396000', '2011-08-10 22:32:37.920000', '2020-11-24 11:13:06.994376', '2020-11-24 11:13:06.994376', 347),
        ('16495067-85a4-4fab-be24-46773806b895', 'invoice RSS alarm Intelligent hack', '2019-10-10 07:29:58.642000', '2019-10-10 11:24:36.170000', '2020-11-24 11:13:07.072188', '2020-11-24 11:13:07.072188', 226),
        ('7c6fd2ae-750b-4708-aebd-3e0c4d07b8fa', 'neural des Granite Avon Ball', '2014-03-27 07:25:45.789000', '2014-03-29 00:15:58.099000', '2020-11-24 11:13:07.149935', '2020-11-24 11:13:07.149935', 327),
        ('97f0b473-b5bf-45f7-970e-36653b92e68b', 'Gloves productivity b eyeballs Borders', '2021-11-30 15:27:43.159000', '2021-11-30 17:59:14.788000', '2020-11-24 11:13:07.242881', '2020-11-24 11:13:07.242881', 276),
        ('2bda561b-aad8-4a63-aaa2-4678dc4a9eeb', 'card Mouse Account turquoise Berkshire', '2018-06-15 09:59:52.651000', '2018-06-16 16:56:29.247000', '2020-11-24 11:13:07.337776', '2020-11-24 11:13:07.337776', 384),
        ('449021e5-a1bb-4bf8-ac87-b74bf4a3fc54', 'Table bypass b customized payment', '2021-01-19 17:48:00.766000', '2021-01-20 15:40:22.553000', '2020-11-24 11:13:07.467744', '2020-11-24 11:13:07.467744', 343),
        ('97699f3b-3f3f-47d1-b51c-6ffcf23ad93a', 'Alsace fresh-thinking synthesizing a Cambridgeshire', '2015-02-12 18:29:06.732000', '2015-02-13 02:46:20.992000', '2020-11-24 11:13:07.560966', '2020-11-24 11:13:07.560966', 397),
        ('5ea28c28-bc3a-4bbb-a981-7ab669424f67', 'a data-warehouse Generic moderator sky', '2014-02-02 17:05:01.466000', '2014-02-04 10:06:29.720000', '2020-11-24 11:13:07.628700', '2020-11-24 11:13:07.628700', 211),
        ('cbceda8e-b03c-406e-9c44-92e3dea5bb53', 'Directeur client-server withdrawal calculating Loan', '2020-01-24 20:43:50.318000', '2020-01-25 01:34:26.835000', '2020-11-24 11:13:07.661744', '2020-11-24 11:13:07.661744', 297),
        ('64cd7690-7ef8-47d3-8c66-0c2974c1ce59', 'compressing out-of-the-box Auto Multi-layered Canadian', '2019-09-18 04:55:29.554000', '2019-09-18 21:01:40.295000', '2020-11-24 11:13:07.705640', '2020-11-24 11:13:07.705640', 270),
        ('1b020579-3efd-4688-a50b-fc0b39c5436f', 'b program Pants Granite Avon', '2013-01-24 21:05:21.078000', '2013-01-26 06:35:41.034000', '2020-11-24 11:13:07.738706', '2020-11-24 11:13:07.738706', 310),
        ('17c511c9-2565-4294-99d8-288124144fc6', 'monitor Cambridgeshire Synergistic user-centric partnerships', '2016-08-19 13:59:41.777000', '2016-08-20 04:57:48.818000', '2020-11-24 11:13:07.778763', '2020-11-24 11:13:07.778763', 237),
        ('348fea46-7f8a-46a8-bafe-b805f300b10d', 'engineer Refined solid c Borders', '2017-08-17 08:07:32.025000', '2017-08-18 22:17:40.156000', '2020-11-24 11:13:07.816602', '2020-11-24 11:13:07.816602', 308),
        ('996f8bdf-0cdd-4bf6-975a-05bd1879f2c4', 'Checking CSS digital synthesizing orchid', '2011-03-14 08:35:06.689000', '2011-03-15 15:10:07.255000', '2020-11-24 11:13:07.871995', '2020-11-24 11:13:07.871995', 389),
        ('6631823c-adc8-4a13-b607-06e273871314', 'Handcrafted Electronics Account interface Bretagne', '2014-04-25 18:10:59.622000', '2014-04-26 07:00:52.295000', '2020-11-24 11:13:07.938957', '2020-11-24 11:13:07.938957', 252),
        ('093fd802-fc2f-4626-b34b-ccfb334dfc0f', 'Metal copying Mongolia Berkshire calculate', '2019-12-08 15:23:15.444000', '2019-12-09 06:32:30.363000', '2020-11-24 11:13:07.983235', '2020-11-24 11:13:07.983235', 252),
        ('797f0dfa-a6ef-400f-afc2-e12d124805e2', 'Centre Enterprise-wide matrix Networked hacking', '2018-05-28 00:05:21.342000', '2018-05-29 18:25:15.031000', '2020-11-24 11:13:08.034368', '2020-11-24 11:13:08.034368', 206),
        ('646d60ac-c759-42ef-af5c-5fee3a3dab53', 'robust Cambridgeshire heuristic Avon Marcadet', '2019-08-07 06:12:05.866000', '2019-08-08 02:48:46.308000', '2020-11-24 11:13:08.072146', '2020-11-24 11:13:08.072146', 275),
        ('1a0a3a28-90fc-4d35-be49-bc69d474e755', 'Frozen seize ivory Executif blue', '2018-01-21 12:16:13.602000', '2018-01-21 22:18:13.055000', '2020-11-24 11:13:08.105767', '2020-11-24 11:13:08.105767', 329),
        ('e46d94f9-f345-40e3-b7ad-b9dc2398fb63', 'b Quality-focused Computers synthesizing c', '2016-12-21 21:46:59.612000', '2016-12-22 18:30:04.683000', '2020-11-24 11:13:08.138693', '2020-11-24 11:13:08.138693', 206),
        ('7f66e9d4-d562-4953-9392-cd2e48e579fc', 'face Ergonomic Steel workforce mission-critical', '2020-11-05 03:39:39.743000', '2020-11-05 12:50:02.527000', '2020-11-24 11:13:08.183072', '2020-11-24 11:13:08.183072', 236),
        ('cf37b1c6-608e-42dd-ad54-147b79f26df5', 'Shoes Health whiteboard Shoes deposit', '2014-12-18 13:26:10.373000', '2014-12-19 07:20:38.224000', '2020-11-24 11:13:08.246052', '2020-11-24 11:13:08.246052', 314),
        ('db5393ea-e56f-47e9-8389-0b4c17ac6fdf', 'Frozen systems Mouffetard infrastructures parse', '2022-07-04 14:44:20.496000', '2022-07-05 05:32:02.946000', '2020-11-24 11:13:08.294515', '2020-11-24 11:13:08.294515', 241),
        ('704dec8f-f0c7-498c-9243-83cd7b4d440d', 'Frozen interface Manager Administrateur Champagne-Ardenne', '2020-04-28 16:50:16.721000', '2020-04-29 05:07:28.511000', '2020-11-24 11:13:08.346052', '2020-11-24 11:13:08.346052', 278),
        ('0248c330-a9f2-4653-9212-ed57267918c5', 'c Automotive Coordinateur Federation Account', '2017-08-19 19:00:54.129000', '2017-08-21 15:48:50.153000', '2020-11-24 11:13:08.390046', '2020-11-24 11:13:08.390046', 395);


--GAME EVENT
        insert into public.game (eventuid, gameid, scorehome, scoreguest, canceled, championshipid, teamhomeid, teamguestid)
values  ('a437e4d9-7f47-48de-88ba-922fa2f4bb83', '45105', 2, 0, false, 3, 2, 3),
        ('735b0577-94d9-43db-aa17-d1406424f74f', '17083', 44, 45, false, 3, 3, 2),
        ('a40e53c1-a31e-414b-9266-930621a2216b', '21210', 0, 0, true, 3, 4, 5),
        ('8944fc9c-647c-4ca7-95f5-1e925efc2ae8', '55969', 0, 0, false, 3, 5, 4),
        ('87f8734d-d305-4c81-a641-80fe73b7156a', '98986', 0, 0, false, 3, 5, 6),
        ('b2683997-b2f1-4d7f-b7ab-b6c54e582e97', '18773', 0, 0, false, 3, 6, 2),
        ('6e52ba2a-9f1f-4705-99c1-59ace671eee7', '89700', 0, 0, false, 3, 3, 6),
        ('a4a35fe7-345f-4a9e-8633-60187653dae2', '58901', 0, 0, false, 4, 6, 7),
        ('283723fb-f7df-4f3f-9077-c80c6ed4d865', '87206', 0, 0, false, 4, 11, 7),
        ('bc2079bb-17bc-47b5-ba42-f4fd2caca4fa', '75608', 0, 0, false, 4, 12, 8),
        ('df407886-fe7a-4d3e-8807-f807b241f979', '87855', 0, 0, false, 4, 9, 11),
        ('40c61e82-c912-40bf-bc7a-af039ac96076', '97676', 0, 0, false, 4, 12, 11),
        ('43893260-36d6-4d58-99e2-abc3b376979e', '25728', 0, 0, false, 4, 11, 6),
        ('35371a7b-bce8-47d4-8e40-61e6be3fb04b', '79189', 0, 0, false, 4, 8, 7),
        ('eea63320-6c6e-4783-9e08-cd3fda6fef5c', '21718', 0, 0, false, 4, 10, 9),
        ('d6ab4b41-9ce3-4e8f-a539-c28a552cc168', '61834', 0, 0, false, 4, 9, 6),
        ('a0193a50-8777-4bd4-887d-9df88736ddf0', '65975', 0, 0, false, 4, 7, 12),
        ('44c59ca2-fd6b-435d-acff-2a1cdc96a8ec', '62595', 0, 0, false, 5, 20, 18),
        ('c7f204c2-8f7a-48a7-897a-22e9b7eee5f3', '78804', 0, 0, false, 5, 20, 14),
        ('5be050e6-526a-4179-a98b-894894154fd5', '20949', 0, 0, false, 5, 19, 16),
        ('11d9573b-b47c-4579-ac3e-cd987bee04fd', '67913', 0, 0, false, 5, 15, 20),
        ('c33e785e-7349-4a1b-b1c6-1f10949cbc28', '38631', 0, 0, false, 5, 16, 17),
        ('6e66df52-7bdb-459a-b02c-17eb4475d279', '43954', 0, 0, false, 5, 20, 14),
        ('b1a18bf8-5221-4d0f-afb9-d97c77bf02af', '35666', 0, 0, false, 5, 15, 19),
        ('15a4c9ee-9ef7-4739-a703-d8b5b7c5c0dc', '26134', 0, 0, false, 5, 17, 16),
        ('d2393041-2901-4421-ba58-bba883187c1f', '72563', 0, 0, false, 5, 20, 16),
        ('2556421a-3e10-4b18-a6d7-9220c382ffe8', '58948', 0, 0, false, 5, 15, 19),
        ('b9494f8c-6117-44c0-a68b-21fee037fe63', '63701', 0, 0, false, 5, 18, 17),
        ('c7d95295-af2d-42eb-98a8-fa505b1f0126', '89419', 0, 0, false, 5, 17, 18),
        ('e2f60f80-f8d3-4c6a-8c79-8bb3dcea4d96', '13648', 0, 0, false, 5, 19, 17),
        ('843c5f3d-f762-48d8-a6f1-eb1df4980ee1', '64015', 0, 0, false, 5, 15, 14),
        ('631f3167-e5c2-4a97-b7ad-816cea4affef', '11235', 0, 0, false, 5, 14, 16),
        ('6adc48c5-8ff2-49d6-b75b-90356abb6579', '19884', 0, 0, false, 5, 20, 17),
        ('2b75edcd-f770-4063-aaff-4a1d50850beb', '30426', 0, 0, false, 6, 31, 23),
        ('414d11c5-f6f7-426d-acac-978817812f62', '74975', 0, 0, false, 6, 22, 30),
        ('e8ce91cf-4463-49f0-b3df-5e6a309b7f9a', '83238', 0, 0, false, 6, 26, 28),
        ('3807653a-2364-4710-b01e-38d17da8d5b7', '54342', 0, 0, false, 6, 28, 30),
        ('05ca610f-8ac3-42ee-a62a-719fc45f30e2', '23161', 0, 0, false, 6, 30, 28),
        ('631151fb-baa2-4e5e-baa3-62363fc4bd4a', '53488', 0, 0, false, 6, 23, 31),
        ('8bb680f5-9693-4953-aa17-0621426fcf36', '45322', 0, 0, false, 6, 29, 27),
        ('a686d95c-e0af-4579-a2d5-c6545525f217', '70859', 0, 0, false, 6, 23, 30),
        ('74c01e2c-f739-4826-bad3-6aece52f963e', '84201', 0, 0, false, 6, 21, 30),
        ('5521babf-89ac-4607-8186-354f956f8359', '54256', 0, 0, false, 6, 24, 29),
        ('3350bd2a-01d5-45e8-aa2d-25e8a48c200a', '80971', 0, 0, false, 6, 23, 31),
        ('1a7c815c-caa8-469c-ab3c-80a40d5734d3', '89222', 0, 0, false, 6, 28, 29),
        ('7c7f49ce-e3c0-432f-873e-432e9004d09a', '61992', 0, 0, false, 6, 28, 31),
        ('b1eed968-567c-4c9d-9a99-803e87f8f099', '55825', 0, 0, false, 6, 23, 22),
        ('93c19071-de12-460f-8011-4e0628e75547', '31022', 0, 0, false, 6, 30, 24),
        ('a006ccd5-d50e-40ef-88cc-671f5a2beb5e', '84834', 0, 0, false, 6, 28, 31),
        ('539d404b-5829-40de-81ed-98b00ba2a667', '57088', 0, 0, false, 6, 27, 24),
        ('344df282-0164-4fe9-b2fc-c5cace0095c6', '72235', 0, 0, false, 7, 40, 32),
        ('f3f1d9ed-21f3-434a-8c58-eb55e0900e88', '88156', 0, 0, false, 7, 37, 34),
        ('a57adcd6-6941-44f2-af6a-c7d6eed9ca54', '73950', 0, 0, false, 7, 34, 37),
        ('f936f9ba-05a3-4015-aa7d-43c84f9b49d6', '83252', 0, 0, false, 7, 41, 37),
        ('6489403b-5e37-454e-8ee0-b5dc6aada125', '69655', 0, 0, false, 7, 41, 39),
        ('b9b38b03-f7e2-42df-bb50-11ebba38176f', '95813', 0, 0, false, 7, 32, 40),
        ('babc0501-a751-42bd-b4e0-394d24d2abba', '25842', 0, 0, false, 7, 32, 34),
        ('b4eacd33-d873-40ac-90e7-6f3b81914d31', '62359', 0, 0, false, 7, 32, 39),
        ('689e4de1-bfea-4b13-9eed-7e3089a87aec', '96658', 0, 0, false, 7, 34, 36),
        ('4595f3ce-dafa-4d51-a5af-11f84b6cf7b1', '30541', 0, 0, false, 7, 39, 36),
        ('3a4a7694-9a76-4a91-9e0c-e280728fbf09', '62571', 0, 0, false, 7, 37, 41),
        ('4adf65c2-ff70-4623-a5db-ffcd56eb7a40', '52348', 0, 0, false, 7, 34, 41),
        ('2ef80158-c5b4-4b13-94a5-01e050062b34', '32992', 0, 0, false, 7, 35, 33),
        ('32671292-c81d-4334-9bde-884f531576b1', '15209', 0, 0, false, 7, 32, 41),
        ('86dcb3ad-e8cc-4938-a8bb-5192dfb6b12d', '18969', 0, 0, false, 7, 34, 33),
        ('a3fd0521-f696-4e6c-9006-e4cf99101902', '99695', 0, 0, false, 7, 38, 41),
        ('07943412-187d-4e78-bfad-651302d796f5', '66224', 0, 0, false, 7, 40, 42),
        ('cf666546-c10f-4ac8-8f6e-08ea210a12fe', '37986', 0, 0, false, 8, 42, 40),
        ('9f24289f-2147-4a6c-bc29-b3ad25fb7606', '41839', 0, 0, false, 8, 44, 43),
        ('5f0f1efc-0c63-4800-a228-89f360abad4a', '24781', 0, 0, false, 8, 45, 42),
        ('70003208-476f-4eab-8c22-a23acd6ae18f', '54781', 0, 0, false, 8, 43, 44),
        ('23455485-48ca-4a85-b5d7-54af52d61178', '79540', 0, 0, false, 8, 45, 44),
        ('542ebd71-83f3-4075-8ee8-f108630abbe0', '13563', 0, 0, false, 9, 48, 52),
        ('fb8d626c-f208-400a-9cc8-78a6b649b61d', '19552', 0, 0, false, 9, 46, 51),
        ('4cc92e2b-824b-44ba-b738-99005df5e28e', '58903', 0, 0, false, 9, 48, 47),
        ('16495067-85a4-4fab-be24-46773806b895', '48752', 0, 0, false, 9, 47, 52),
        ('7c6fd2ae-750b-4708-aebd-3e0c4d07b8fa', '18061', 0, 0, false, 9, 45, 49),
        ('97f0b473-b5bf-45f7-970e-36653b92e68b', '51363', 0, 0, false, 9, 46, 50),
        ('2bda561b-aad8-4a63-aaa2-4678dc4a9eeb', '96130', 0, 0, false, 9, 49, 45),
        ('449021e5-a1bb-4bf8-ac87-b74bf4a3fc54', '42362', 0, 0, false, 9, 47, 52),
        ('97699f3b-3f3f-47d1-b51c-6ffcf23ad93a', '97360', 0, 0, false, 9, 49, 46),
        ('5ea28c28-bc3a-4bbb-a981-7ab669424f67', '82822', 0, 0, false, 9, 47, 51),
        ('cbceda8e-b03c-406e-9c44-92e3dea5bb53', '99553', 0, 0, false, 9, 45, 46),
        ('64cd7690-7ef8-47d3-8c66-0c2974c1ce59', '96725', 0, 0, false, 9, 50, 51),
        ('1b020579-3efd-4688-a50b-fc0b39c5436f', '67197', 0, 0, false, 9, 51, 50),
        ('17c511c9-2565-4294-99d8-288124144fc6', '38644', 0, 0, false, 9, 48, 50),
        ('348fea46-7f8a-46a8-bafe-b805f300b10d', '99203', 0, 0, false, 9, 45, 50),
        ('996f8bdf-0cdd-4bf6-975a-05bd1879f2c4', '54616', 0, 0, false, 9, 47, 52);

--TRAINING EVENT
insert into public.training (eventuid, description, teamid)
values  ('6631823c-adc8-4a13-b607-06e273871314', 'Training Outside', 2),
        ('093fd802-fc2f-4626-b34b-ccfb334dfc0f', 'Training Outside', 2),
        ('797f0dfa-a6ef-400f-afc2-e12d124805e2', 'Training Outside', 3),
        ('646d60ac-c759-42ef-af5c-5fee3a3dab53', 'Training Outside', 4),
        ('1a0a3a28-90fc-4d35-be49-bc69d474e755', 'Training Outside', 5),
        ('e46d94f9-f345-40e3-b7ad-b9dc2398fb63', 'Training Inside', 5),
        ('7f66e9d4-d562-4953-9392-cd2e48e579fc', 'Training Inside', 6),
        ('cf37b1c6-608e-42dd-ad54-147b79f26df5', 'Training Inside', 7),
        ('db5393ea-e56f-47e9-8389-0b4c17ac6fdf', 'Training Inside', 8),
        ('704dec8f-f0c7-498c-9243-83cd7b4d440d', 'Training Inside', 9),
        ('0248c330-a9f2-4653-9212-ed57267918c5', 'Training Inside', 10);
--PLAYER
insert into public.player (uid, lastname, firstname, birthdate)
values  ('04742101-99cd-414b-9dda-5abc44c285b0', 'Fournier', 'Hermina', '1966-05-13'),
        ('da8c05e7-f7ae-495d-aa3a-631159a7af45', 'Duval', 'Julio', '1973-01-21'),
        ('d61e7323-a5e5-4f81-98b5-0b46c9fb023f', 'Louis', 'Melyna', '1992-12-21'),
        ('a2299122-1ec0-4fd5-b8c0-59542c72c1af', 'Carpentier', 'Beryl', '1995-01-29'),
        ('335a5a22-15df-4f5b-a71b-231308ec7b8b', 'Fleury', 'Wilton', '1978-02-13'),
        ('2caaa53f-df0f-42ec-875e-f593ca498ce5', 'Perez', 'Steve', '1982-07-26'),
        ('908a1949-54db-4ef8-b3cb-6bfc770e5c7f', 'Louis', 'Dedric', '1975-10-30'),
        ('38f251c4-6627-4962-ab49-99e9fe8c1bae', 'Olivier', 'Vivien', '1981-05-16'),
        ('77979586-c0be-463f-941d-501ca1053172', 'Noel', 'Clair', '1998-08-01'),
        ('2724fe4b-02cf-4a49-a7e2-0a2c100fa277', 'Leroy', 'Annabell', '1963-04-28'),
        ('76c8dd58-797b-4f6f-93e5-118f6457d520', 'Rodriguez', 'Gladys', '1970-05-20'),
        ('d44ff2ba-3782-4522-9e8f-410fc825bbd3', 'Guillaume', 'Marjolaine', '1960-02-29'),
        ('460e6834-2b7e-475b-bfed-5738966cf999', 'Arnaud', 'Raven', '1972-12-13'),
        ('f6529574-cb8a-44da-b938-a9e03aaea718', 'Gautier', 'Lloyd', '1977-07-07'),
        ('05a962b8-9021-421a-b80a-9e5511cecc72', 'Fabre', 'Devin', '1982-11-17'),
        ('beac5679-1790-4d51-bde8-c4db6c17dfca', 'Rey', 'Fern', '1977-01-22'),
        ('d3a84fce-3047-456a-bb69-74c1c9e52f7d', 'Dupuy', 'Tabitha', '1997-08-07'),
        ('948d512b-d181-429d-9b06-5bc697fa2324', 'Henry', 'Eliezer', '1979-04-11'),
        ('3a5fa8fe-5bee-4ae5-9532-2d2269e09614', 'Garnier', 'Wendell', '1990-01-12'),
        ('d21af439-851c-41dc-b9c2-beea36d3fe7e', 'Charles', 'Oswald', '1995-07-08'),
        ('472971fb-63c6-4143-87e2-a311b732a7cd', 'Fernandez', 'Annabelle', '1965-11-18'),
        ('ccc0d0d9-4967-47ea-b15b-432394de3500', 'Leclerc', 'Violet', '1980-09-15'),
        ('5251f43e-3740-43d7-af28-03cd68eba194', 'Leclerc', 'Selina', '1998-01-15'),
        ('89f475ec-accd-4995-b9a2-95d2ab72fc06', 'Perez', 'Kylie', '1995-04-26'),
        ('7f82aaeb-1a3f-48a5-91e1-c6006891bb6e', 'Perrot', 'Kayden', '1986-07-10'),
        ('700984c7-da28-4df1-acb1-ee6c131ca5a0', 'Morin', 'Daron', '1965-06-09'),
        ('27e6a7f8-ea81-4221-a105-3c12a1012003', 'Blanchard', 'Jalon', '1983-09-05'),
        ('9c617159-8cdf-4572-aa77-f6e250bf4b0c', 'Guerin', 'Eric', '1995-08-07'),
        ('c9081205-ad76-41da-a0a5-f8e3e289f070', 'Marchand', 'Genesis', '1980-01-28'),
        ('e79eeb50-2a83-4364-8e55-07cd87aabe50', 'Caron', 'Kiera', '1971-08-30'),
        ('93b12e88-156b-4b62-9659-f5a53a2f3cb9', 'Simon', 'Kamille', '1972-08-20'),
        ('ec9d5d71-9b5d-43a2-9197-d8f1799584c0', 'Schneider', 'Gilberto', '1994-04-16'),
        ('07e8a068-5f25-4234-ab26-68f96cea5bab', 'Deschamps', 'Cale', '1961-05-12'),
        ('8be25a69-2413-47aa-89b0-bce62c6382fd', 'Muller', 'Hank', '1962-02-07'),
        ('480b5c06-aa48-4396-819b-9f548a14d605', 'Blanc', 'Wayne', '1996-11-03'),
        ('9a0b72ea-0ac5-4b78-87bf-1b067f7dc5d9', 'Faure', 'Leilani', '1971-01-22'),
        ('a8acad69-d78d-4495-81c5-97981ee5e592', 'David', 'Brady', '1995-05-10'),
        ('57061bb9-374c-4875-b88e-c32702519067', 'Simon', 'Leonie', '1991-11-22'),
        ('b540b628-099e-4a47-88a5-cc988c01e06f', 'Lefevre', 'Gerhard', '1972-10-04'),
        ('f285ed52-a393-4f7b-b9d9-82fddf7a9ce8', 'Collet', 'Damien', '1993-06-06'),
        ('2f250949-2ff5-49d4-9caa-dfdae32ea8c4', 'Dumas', 'Alfonso', '1961-06-14'),
        ('c66a8525-b520-4aaf-9ed6-0ef66b11597a', 'Laurent', 'Emmanuel', '1999-04-22'),
        ('5d1d16d7-10d8-4786-94bb-f4c333f84b4e', 'Meyer', 'Johnpaul', '2000-09-19'),
        ('454c37af-8c71-451d-8f38-c1cd7621e246', 'Vasseur', 'Clementine', '1976-05-13'),
        ('ceecbd8e-a783-42bd-8897-7af5f9babd16', 'Leclercq', 'Winfield', '1978-06-09'),
        ('bcd335be-6a52-4032-9de0-4f5bb3a05e96', 'Gerard', 'Andrew', '1980-10-12'),
        ('369bb994-4e24-4faf-90e7-4a8583ef61ba', 'Michel', 'Florencio', '2000-02-02'),
        ('cc9f94d8-74da-45e9-8fdf-11166a521240', 'Masson', 'Llewellyn', '1970-03-06'),
        ('6c39414d-2de6-49cb-8aeb-4fa279b28ca7', 'Le gall', 'Marcel', '1964-10-04'),
        ('b8ff5a7c-67e1-4503-805e-0816860602b4', 'Menard', 'Jane', '1964-02-26'),
        ('021c8d2e-52cf-4fd9-b301-c0415fbaae08', 'Garcia', 'Rex', '1988-11-15'),
        ('18a3b20e-4fff-4531-8eec-7f8524145a46', 'Olivier', 'Kaylie', '1968-06-17'),
        ('6f050bff-d63d-4f0f-b2eb-4a97c3904bba', 'Nguyen', 'Deja', '1966-04-08'),
        ('bf7eab87-2c66-4c3d-bf4f-1bc8c2642739', 'Pons', 'Lindsay', '1964-06-23'),
        ('dfbb80c2-4df7-446e-9f52-310a9ab96370', 'Schmitt', 'Garfield', '1978-05-02'),
        ('a0529a16-d61b-437d-b963-198378ced742', 'Martin', 'Darrion', '1998-06-14'),
        ('5a9a4538-b317-40bb-8926-67bb0eace04f', 'Gonzalez', 'Kevon', '1975-04-13'),
        ('c668ed1d-3412-419b-9a24-0a2bd1ff247d', 'Louis', 'Logan', '1991-01-09'),
        ('d6479187-46d2-4915-99a1-69f0814d782f', 'Leroux', 'Skyla', '1972-07-08'),
        ('3590bc1c-34e1-48fe-9b11-16399af0f982', 'Roche', 'Hank', '1992-03-21'),
        ('667c4336-aaad-448b-af62-930469e5b8da', 'Guillot', 'Bruce', '1984-09-22'),
        ('e206252a-35b4-43dd-ae8b-f053ce84a60b', 'Arnaud', 'Madelyn', '1995-06-12'),
        ('37bd5b6d-92d2-4509-b70e-92bb0fb519c2', 'Roy', 'Lola', '1969-02-05'),
        ('067247dd-91ea-4229-9aa6-8bbcf80716b6', 'Gerard', 'Paul', '1981-12-19'),
        ('019f1357-0b73-467f-9cc6-cd9c1a791406', 'Rey', 'Marshall', '1980-11-16'),
        ('ae47d782-e8ec-451d-8bb2-44a3897db172', 'Andre', 'Reva', '1991-04-05'),
        ('89c5e5bb-a9ef-4ea6-bdae-71609177cfd8', 'Schmitt', 'Jewell', '1991-03-27'),
        ('6197bbfa-077e-4baf-97f3-dc88c1dadb32', 'Fournier', 'Tamara', '1964-07-24'),
        ('dab6fd6f-0ca9-4388-9514-242a87e2bbf8', 'Gonzalez', 'Jamir', '1981-07-03'),
        ('2c866aec-bdef-4ac6-b46a-f977b9fd665c', 'Royer', 'Davin', '2000-06-13'),
        ('623058a4-3956-4476-89bc-e6fb90ee6899', 'Charles', 'D''angelo', '1996-07-08'),
        ('e02a1cdc-19be-4a1b-832a-cf220c6f6c47', 'Perrin', 'Peyton', '1978-09-08'),
        ('c7449874-421c-4128-b0d1-b1edef6632bd', 'Pons', 'Dewayne', '1985-09-14'),
        ('2f79854c-d8a3-422a-8bef-c8665bd1b86f', 'Leclerc', 'Alexandro', '1979-10-25'),
        ('0d209223-5f23-4799-8829-37113618e71b', 'Barbier', 'Libby', '1996-03-13'),
        ('3bc730d8-a722-4753-bc19-c7fa4a3ef243', 'Henry', 'Lelah', '1960-07-26'),
        ('31d64433-5200-4b0c-aa96-4b5fbd9cdfa2', 'Paul', 'Serena', '1980-01-10'),
        ('7f77bed6-c37b-4086-8cba-3dce204c0359', 'Julien', 'Jorge', '1981-02-14'),
        ('c8e73461-2ca4-41ad-b2d1-f30e7715f3ff', 'Lopez', 'Nikko', '1973-12-19'),
        ('8a4c2834-53c4-4afd-98a2-903934d066e6', 'Perrin', 'Frederic', '1990-12-28'),
        ('e2af5a94-2eae-4740-a164-26b9716f4449', 'Roussel', 'Theodora', '1972-09-27'),
        ('5ba17e40-7090-44db-9bfb-0cd2981e0df5', 'Moreau', 'Vallie', '1960-07-09'),
        ('29ce7246-d1af-4b39-b3c0-ab329a7a42a1', 'Marchal', 'Claudine', '1971-07-18'),
        ('4876a1fe-2552-443d-bf8c-239c242b93a6', 'Michel', 'Stefan', '1975-12-24'),
        ('a490f868-99d5-4763-a023-2e78644850da', 'Fleury', 'Daniella', '1998-10-26'),
        ('20fadb73-6a61-4979-87e1-42946515b89b', 'Perez', 'Megane', '1973-08-10'),
        ('3159cab6-05c5-496d-8324-1991937b1126', 'Royer', 'Sunny', '1976-10-21'),
        ('6ecb1d4f-56ae-4a8a-996b-002a29560ed1', 'Perrot', 'Chauncey', '1971-07-14'),
        ('6f1a2592-34ac-4632-88f6-b8d7142f871a', 'Jean', 'Deanna', '1998-03-12'),
        ('5a5502f7-ab54-4f80-90ef-4383c659db1a', 'Olivier', 'Enola', '1995-12-11'),
        ('442bf993-309c-4622-80c8-be9e9b2b5365', 'Paul', 'Orlando', '1996-04-13'),
        ('bfa1639e-5c6a-4d9e-b84d-d4b12c3967f2', 'Blanchard', 'Chet', '1993-12-15'),
        ('3b2d2518-cab8-4cfc-b12f-765ed49056db', 'Rousseau', 'Cleo', '1983-10-24'),
        ('d823a168-6998-4b2d-8509-6828de80e8bc', 'Fernandez', 'Winston', '1967-08-08'),
        ('27ab74b5-4a7f-44fc-8448-4b0cb050483f', 'Thomas', 'Kolby', '1999-03-21'),
        ('ea8e39f9-7924-44bc-8ad4-0075ec7f5725', 'Renault', 'Eleanora', '1971-12-05'),
        ('392e6baf-f97b-47c3-929a-63b78afab777', 'Hubert', 'Isaias', '1991-12-05'),
        ('570492a0-c855-43f1-949e-7c39bf34aa43', 'Baron', 'Bernie', '1986-12-17'),
        ('b02d05d4-4d3a-4bc0-b549-189860119b90', 'Dubois', 'Lew', '1984-12-12'),
        ('b6a2fced-c892-446c-874f-4db04fc8e3aa', 'Aubry', 'Katrine', '1979-11-21'),
        ('1b770c25-da35-453a-80a7-43b2d43e160c', 'Lefebvre', 'Kirsten', '1970-04-20'),
        ('fbd5ba5c-230f-4d8a-8d39-89b481e78809', 'Charpentier', 'Ulises', '1982-10-26'),
        ('73e0ed8e-029d-48db-8cd4-c56a2d55a7fe', 'Lopez', 'Luella', '1990-10-13'),
        ('f1d8158e-7ae6-4f2d-837f-01ab56ba86c0', 'Philippe', 'Alejandrin', '1966-02-24'),
        ('7b8aa94b-ef2c-4cf3-a8b4-05521b2501ea', 'Fernandez', 'Emilie', '1993-01-27'),
        ('b7825002-388c-4038-9fe2-b359e1f80584', 'Nicolas', 'Austen', '1962-10-09'),
        ('d2bce5bd-6a18-42b1-8344-ac4cfcf87135', 'Giraud', 'Dayna', '1969-12-01'),
        ('ccb77ae7-36c2-40f1-a86c-3c050793c9b6', 'Rodriguez', 'Leon', '1979-07-02'),
        ('978133b1-ccf9-448f-9c59-84d188ef69ec', 'Moulin', 'Mckenna', '1984-04-10'),
        ('c0c98ab3-7b66-4a78-8a16-1838a0793876', 'Laine', 'Lacey', '1971-05-01'),
        ('92985087-0954-473b-b4fa-b4666f6ef844', 'Nicolas', 'Eli', '1992-03-29'),
        ('28ff79c9-d413-47dc-a6d9-f58cc0d70313', 'Laurent', 'Lukas', '1981-01-06'),
        ('08439eeb-fc47-4524-9c22-3ef45ae47e0d', 'Leclerc', 'Marquis', '1980-09-19'),
        ('918b07b9-d7ae-4755-bdc0-56b3a55603a4', 'Berger', 'Alford', '1980-10-15'),
        ('ad9c7d46-2b11-4277-a901-fe05a05248f3', 'Rousseau', 'Hellen', '1962-06-01'),
        ('947787f7-3ad2-4150-840f-77fb0dbc2ef4', 'Paris', 'Wendell', '1983-07-16'),
        ('e5c1deac-69f9-4f10-b3ca-b4de5b8edaf3', 'Marchal', 'Donny', '1963-07-25'),
        ('8ae97d1e-cdf8-4f23-bd2e-10fd4f386203', 'Hubert', 'Kade', '1989-12-20'),
        ('a890c0ef-e21c-44db-b9d8-b4f9d050aaf9', 'Fournier', 'Tressa', '1979-09-29'),
        ('843aca61-345a-4b8e-827a-e993f53b1d5f', 'Lecomte', 'Terrence', '1983-04-12'),
        ('311fb107-cd89-413f-afd0-6ba5175fc42b', 'Denis', 'Danial', '1973-12-16'),
        ('f6313837-7b8d-4413-aba0-1d612ac2645d', 'Joly', 'Paula', '1991-05-05'),
        ('1bdd17f8-ca84-4cc7-9af5-6a1b6fe84814', 'Sanchez', 'Janis', '1967-12-14'),
        ('c5379d7e-614b-47d1-afe0-ae9ff35e8394', 'Thomas', 'Jennings', '1985-04-29'),
        ('ca01c2d4-cca7-4361-b37b-e5ab8d7b42ba', 'Chevalier', 'Lourdes', '1969-06-05'),
        ('b3d7b738-dea8-4658-b8e6-b0af304e8a5c', 'Arnaud', 'Colleen', '1970-02-25'),
        ('b3e5fd1d-89df-4e89-b5da-d857066e6b0d', 'Schneider', 'Syble', '1969-01-31'),
        ('ceb9da9f-9bfa-4f24-ac8c-85bf70535c31', 'Lemoine', 'Eula', '1992-11-04'),
        ('d0f2bcbc-24d6-42df-b0ab-fab3a2fd12e5', 'Lucas', 'Ferne', '1996-07-18'),
        ('97ab77ee-9b58-4d32-83fc-3ce12428a87f', 'Chevalier', 'April', '1980-06-05'),
        ('0e8fee8f-ab2d-438b-9772-f7d0545ff8e6', 'Breton', 'Avis', '1984-04-02'),
        ('2c2cdf6b-af1d-4c38-b4e1-83f826ab13f5', 'Perrin', 'Chanelle', '1967-06-14'),
        ('7000b6f2-4884-458d-ad3e-c62a91174c78', 'Rolland', 'Lori', '1963-04-02'),
        ('5ba4f0f7-35f9-4f36-8979-74531b2de243', 'Moreau', 'Alessandro', '1983-11-26'),
        ('2314c420-982a-4091-ae5b-a4949f40916a', 'Royer', 'Charlene', '1999-09-05'),
        ('002e29be-8cf0-4bd5-9616-565076ee6547', 'Roux', 'Brian', '1992-03-04'),
        ('ff98dc58-5db0-42de-a526-def4e528b2d1', 'Fournier', 'Alena', '1960-12-17'),
        ('23f215b2-7c09-48c8-89e6-603f0dc198d6', 'Leroy', 'Kevon', '1973-08-16'),
        ('203acd52-9f23-42ca-8bec-de9cc8018001', 'Jean', 'Bret', '1973-09-23'),
        ('0f3c187c-38a4-441f-8c4e-64daa078bee0', 'Laurent', 'Melyssa', '1999-02-06'),
        ('9c8bcaab-7604-417b-a5ae-8c310905a512', 'Pons', 'Adrien', '1973-01-02'),
        ('9e06825a-98cd-4f4f-adbe-8367fd6d75b4', 'Lucas', 'Favian', '1984-09-16'),
        ('12ddd086-b68f-4af0-9d5c-e6dd5f47b2fd', 'Marie', 'Dawson', '1969-12-19'),
        ('60f7de98-48e7-45ee-93ec-939820eb7559', 'Dubois', 'Ana', '1994-10-27'),
        ('04fb69e3-5687-4330-a326-ab173ccce03f', 'Collet', 'Roel', '1967-11-01'),
        ('8fb7bc66-ce6c-4092-9530-3cf992d61c74', 'Roger', 'Felicita', '1960-10-14'),
        ('8032c1a8-1d48-4099-9f3f-a62fc56bd491', 'Morin', 'Paris', '1991-12-03'),
        ('8533fbdb-183c-483a-89be-f33997a3e93e', 'Henry', 'Kareem', '1999-03-12'),
        ('bc424a84-ed2e-4fdb-b649-ba23e1e8cbe6', 'Collet', 'Damaris', '1979-11-05'),
        ('27bb2939-3d3e-4b93-aefb-9d023d7bc21f', 'Duval', 'Gardner', '1992-10-29'),
        ('35f9fdae-ce03-4dfe-8a8c-0e2ec4fbc0c3', 'Lefevre', 'Laurie', '1992-01-14'),
        ('ba023615-86c5-43b5-a916-b82be845cc27', 'Moulin', 'Gregg', '1971-08-02'),
        ('0ebf11a3-788e-4af5-804c-1d85f8a9e4fe', 'Lambert', 'Zaria', '1996-03-18'),
        ('7d12238b-3fb8-4e50-8174-28e1377ea6fb', 'Bonnet', 'Emmitt', '1976-07-16'),
        ('4bb76d68-71e7-47ec-a453-54cb81eac2f3', 'Dufour', 'Cedrick', '2000-09-11'),
        ('06d95752-5470-4e57-b4b2-c704aef5282d', 'Blanchard', 'Lamont', '1966-05-09'),
        ('7d94631a-2670-4db6-aee5-0dc18de91dce', 'Barre', 'Rodrick', '1993-05-20'),
        ('26c08cfe-deac-44dd-9fc2-419fece2731a', 'Da silva', 'Eliane', '1963-02-08'),
        ('3ce59ad0-ef31-46d3-b725-3133f38e861a', 'Francois', 'Deshaun', '1967-05-28'),
        ('db8f93b7-34a8-46c6-b15b-1562ea8c9d5a', 'Gerard', 'Misty', '1970-08-27'),
        ('7c992679-ceed-441c-9a59-b8265792661c', 'Rolland', 'Carmine', '1995-06-07'),
        ('c83d972b-bb4f-4982-874e-92c31d42e158', 'Gauthier', 'Vidal', '1977-07-20'),
        ('23872394-bc9f-4d65-bf2c-1a1a324b02fe', 'Marie', 'Sigrid', '1989-11-14'),
        ('f5c036f8-33e4-4b3a-ba41-c5be1446ad44', 'Guillot', 'Chelsea', '1960-12-29'),
        ('fd2c21a6-9a87-4a5b-84b5-a4b0289c3070', 'Deschamps', 'Tyshawn', '1998-10-07'),
        ('5abafc2d-3d71-481e-adb1-80c3294532ee', 'Fleury', 'Rahul', '1987-02-18'),
        ('6a34b1e7-5834-4275-a2f7-e22eae6399bf', 'Andre', 'Santino', '1992-08-29'),
        ('a0b89e8a-7ce5-4304-bd0f-feeff6a19026', 'Deschamps', 'Dorian', '1986-11-04'),
        ('0f14837c-2cd2-4b84-8eef-fc5e4a7181d3', 'Chevalier', 'Etha', '1992-05-05'),
        ('77150229-11ca-47ad-beff-bcdae717c2db', 'Blanc', 'Casandra', '1963-01-11'),
        ('2061bf8b-c308-4e5b-85ec-64f2fd8ff85c', 'Fleury', 'Kirk', '2000-01-25'),
        ('f9453e42-7868-47a0-9e54-8daf28e869a6', 'Renard', 'Blanca', '1980-02-01'),
        ('612bf5c5-8e59-413a-bdc9-100e1574b06d', 'Moulin', 'Whitney', '1985-05-15'),
        ('b3af656a-9408-43cc-a1eb-42cd6146611c', 'Dufour', 'Roberto', '1995-04-14'),
        ('77b8cd77-8334-4b82-b6b7-82b69f8e376e', 'Berger', 'Ebony', '1994-05-30'),
        ('7ccd197f-8523-4537-9448-a58894cb9029', 'Guerin', 'Laurence', '1962-05-29'),
        ('8b7723ae-2d4c-4dcc-8207-df3f19c5163c', 'Picard', 'Marjory', '1976-10-12'),
        ('87db35c3-5cb9-43eb-9930-f8a3b0eb6211', 'Dufour', 'Jamal', '1993-11-27'),
        ('21bb8751-51b0-453a-9858-01935cf627a5', 'Fernandez', 'Joana', '1981-04-28'),
        ('5d88a820-a73a-4542-979c-8ed37ecca943', 'Laine', 'Janet', '1965-07-22'),
        ('b2e080a5-8a35-4d3c-b288-30bf92f551e1', 'Jean', 'Alessandra', '1964-01-28'),
        ('0aaffaac-9e7f-45c2-8c0c-ac067e82eadf', 'Fabre', 'Helga', '1964-02-08'),
        ('f0fc432f-226c-4d62-a840-0b550604db2c', 'Colin', 'Addison', '1978-08-06'),
        ('0b623166-9738-48d9-954f-4fb30e7b6aa4', 'Morin', 'Kirsten', '1961-03-27'),
        ('bc16b2c2-5234-47f2-a581-d42b9cda531f', 'Barre', 'Earline', '1962-05-08'),
        ('6618d48e-0622-4536-9e36-cc38185b2ba8', 'Rolland', 'Maribel', '1997-01-05'),
        ('02f59ce4-b87c-4baf-988c-08b58fc46212', 'Deschamps', 'Pascale', '1991-09-12'),
        ('9b44de4b-de0c-4800-b558-f829b26a57e3', 'Charles', 'Bertram', '1973-08-11'),
        ('f1bf14b4-a482-4b8d-a2b1-cff8d2e4c915', 'Huet', 'Kirsten', '1993-10-22'),
        ('a3c7a33b-6a89-4813-a936-8dae713e1102', 'Meunier', 'Khalil', '1970-11-13'),
        ('49eff73d-8e49-41a6-ac36-908958cb4cb0', 'Paris', 'Lew', '1971-07-17'),
        ('05bbc5e8-34cc-4130-b1a0-63af6d5a43f1', 'Rey', 'Winnifred', '1986-07-15'),
        ('a2b6f900-8a88-462a-a087-9c553f9c775c', 'Guillaume', 'Haskell', '1962-04-23'),
        ('8b105217-c11b-45e9-a0c3-efebfa12fcd0', 'Aubry', 'Jeramie', '1986-11-25'),
        ('c6dc1b7c-8c52-43a8-bcf1-b85d81d85b64', 'Meunier', 'Franz', '1974-07-22'),
        ('b8eeff35-182c-42d6-a7c5-8eb894200475', 'Jacquet', 'Randal', '2000-05-15'),
        ('fcde83b2-a3c6-4b7a-b857-48e1c226b4b3', 'Julien', 'Jodie', '1993-02-09'),
        ('d5b97966-167f-4ea1-b6ed-3721de481b7d', 'Le gall', 'Rosemary', '1974-06-03'),
        ('f5c18b39-a350-4661-bfa1-d8716c3a76ae', 'Lefebvre', 'Leta', '1971-05-30'),
        ('8c215554-5bfd-47c3-bbc5-43460db8b76c', 'Laine', 'Santina', '1984-04-26'),
        ('8b08ad02-dc3f-45e6-8d31-260f5c962fd7', 'Marty', 'Nelda', '1994-10-06'),
        ('618e47da-580b-4bcf-a645-272f75f5f21f', 'Carpentier', 'Royal', '1981-12-23'),
        ('4d7126e3-87e5-4cec-b217-77c750cd4da1', 'Pons', 'Tyrique', '1972-10-22'),
        ('0e402305-69ee-4b58-86c1-e5d148336c7d', 'Morel', 'Winona', '1962-10-06'),
        ('9228d41c-ef83-4176-aee2-bb42d7d614fb', 'Lucas', 'Viola', '1974-05-02'),
        ('e363bc55-3d3b-4a69-98b6-96c76f4ef0f4', 'Rolland', 'Michaela', '1961-01-21'),
        ('9e615778-3320-4349-a3e8-280470bce172', 'Moulin', 'Colton', '1986-01-06'),
        ('1e913655-1d38-4e82-bb15-ced88d70f750', 'Rousseau', 'Bernita', '1960-10-08'),
        ('dd1b85ea-7fb6-4907-8a41-44ed69f1fb41', 'Perez', 'Quincy', '1980-07-19'),
        ('50edefec-f45b-45ba-b237-b06c08e85e83', 'Carpentier', 'Seamus', '1980-06-01'),
        ('329468c8-76a5-4097-9676-2c44782cf5ac', 'Richard', 'Dashawn', '1978-10-13'),
        ('82d741e7-ba45-4f05-839a-3715fcbb4273', 'Durand', 'Coralie', '1994-12-23'),
        ('e70a6922-31bd-4d7e-971a-256a99caea10', 'Gauthier', 'Lane', '1976-12-28'),
        ('0d4f7557-56ee-445d-a789-1cb63ea4b23a', 'Dumas', 'Carissa', '1990-05-18'),
        ('40639983-bd5d-415b-b24b-b524ca276b0b', 'Masson', 'Naomie', '1981-04-08'),
        ('f294725d-75c8-4c59-8bc1-82342c6947ac', 'Francois', 'Josh', '1983-12-12'),
        ('b4038f34-72f8-4cc2-a1ca-bc10ef4bfcb8', 'Denis', 'Candace', '1990-04-25'),
        ('f08032ec-189e-418e-8e25-44bdb30ef398', 'Perez', 'Noemy', '1986-01-22'),
        ('52d1a70b-fde0-42e1-b5a0-bf78361f1db1', 'Lopez', 'Mathilde', '1992-08-05'),
        ('33029248-1888-419a-b935-cf05f07b9e87', 'Arnaud', 'Macy', '1980-10-02'),
        ('88533945-3c77-4ebe-93e5-3b3ecb356515', 'Garnier', 'Cristopher', '1975-06-29'),
        ('c9f22a6e-922c-4ede-8fd2-aa3f99f1984e', 'Pierre', 'Narciso', '2000-12-09'),
        ('54750ed0-4478-47cc-9c66-7c4187f8da97', 'Masson', 'Christina', '1989-04-18'),
        ('925c330c-c506-46df-9fe6-a91bcdcc138b', 'Marchal', 'Einar', '1985-01-03'),
        ('feb73183-0088-43a0-976f-b169b422c555', 'Bertrand', 'Travon', '1973-06-24'),
        ('9b24e858-8e21-4743-bcf6-ff34f8e2e384', 'Riviere', 'Elroy', '1980-09-02'),
        ('bbd8a56b-9256-4d1f-9855-ed0bf39983f0', 'Faure', 'Jamison', '1996-07-26'),
        ('7b5f2d74-c47e-47cf-96f1-2faf03a80b2e', 'Marie', 'Neil', '2000-07-23'),
        ('75001a9b-b554-4caa-932f-d4b8ba1df7dc', 'Jean', 'Zelma', '1977-07-09'),
        ('7449675c-ee29-4b07-8feb-5edf3a802d79', 'Jean', 'Emmett', '1989-12-21'),
        ('1f2755f0-aa00-4478-bea9-65a73c3a8122', 'Colin', 'Kylie', '1995-04-22'),
        ('0059e021-09fb-4340-a019-179e8b0a6e01', 'Gauthier', 'Janiya', '1981-04-17'),
        ('bdf43de4-163d-4192-a7fb-62424f780e76', 'Brunet', 'Allie', '1999-03-16'),
        ('2e13da8e-d286-4dd1-ab3e-9fcf0d05a5b8', 'Dumas', 'Ricardo', '1975-07-03'),
        ('dd02db01-faad-4af3-8ac7-d5537a420d69', 'Roger', 'Waylon', '1996-06-25'),
        ('f61c09f5-4f47-4ec6-a25a-f04e3a5dc208', 'Muller', 'Blaze', '1998-07-17'),
        ('0de23510-dbbe-4a82-83c3-34af92119254', 'Lambert', 'Malcolm', '1980-04-10'),
        ('183688fa-7667-48b5-a62f-0d9e2e5ee173', 'Mathieu', 'Natasha', '1981-07-19'),
        ('524c0de9-2b27-4ff1-995c-f925dfb9eec3', 'Arnaud', 'Stanley', '1968-02-06'),
        ('bcf526c8-8bb1-4836-8a1b-7e3515b4a652', 'Louis', 'Susanna', '1965-10-11'),
        ('872de2ca-b011-452d-b551-4c15b9d5d1f6', 'Louis', 'Janelle', '1978-06-14'),
        ('ee902a57-f0fa-40d6-b0fe-50fc8e5a9193', 'Guerin', 'Esther', '1970-06-22'),
        ('3f0a794f-d495-435e-bec2-fbb19f67cf2c', 'Lemoine', 'Clinton', '1963-05-24'),
        ('3222e6ca-611e-4445-b141-8446e1c0733a', 'Bernard', 'Quentin', '1964-01-07'),
        ('99fa75d4-4b54-412f-9115-29e780006ab8', 'Robert', 'Tierra', '1980-03-08'),
        ('c97ef3aa-10bf-4d0c-9443-944e0bfb5619', 'Breton', 'Aisha', '1968-07-20'),
        ('b5eaa273-3c47-4f96-a176-2db490a477e0', 'Chevalier', 'Forrest', '1997-10-30'),
        ('b979d0e7-0f93-43f4-b7e3-5f04616ec3c4', 'Adam', 'Benny', '1989-05-26'),
        ('9376763e-688a-4818-9f01-1ed79811823f', 'Robin', 'Veronica', '1960-02-22'),
        ('cb2815d0-f4a2-44d1-990d-1ae58b4b2f4b', 'Denis', 'Josephine', '1973-02-02'),
        ('a7503457-a568-41e0-8a63-eb27ef28a608', 'Jean', 'Jamir', '1997-01-27'),
        ('01b9b021-674b-41f9-aa09-e0effb17a7f3', 'Fournier', 'Tommie', '1963-05-18'),
        ('21774589-87d5-4489-92fd-b5a99c11a28c', 'Lemoine', 'Norene', '1967-11-02'),
        ('80d9309e-44e1-4dd1-9c2c-d567b48e68e7', 'Perez', 'Koby', '1991-11-16'),
        ('4230eed1-329d-49fc-8471-5b901de41f63', 'Boyer', 'Magnolia', '1996-03-22'),
        ('cc7b4b30-c44e-4e14-8455-c18860f53422', 'Riviere', 'Steve', '1989-06-17'),
        ('c7d2b3fe-dcce-4ebe-96ac-788200eaeca3', 'Guerin', 'Gladys', '1972-11-28'),
        ('c4cc4a5c-37d9-4d6b-b22b-f0e65456e3fe', 'Guerin', 'Maurice', '2000-11-14'),
        ('92233b94-ae6e-4588-9eb1-32a9ce1d2929', 'Perez', 'Danial', '1998-07-23'),
        ('d3375221-d2f2-42aa-b372-af3236d70b72', 'Charpentier', 'Josiane', '1981-07-04'),
        ('999e7a26-a52f-4101-82b6-68a7d46ed0db', 'Joly', 'Winifred', '1972-11-08'),
        ('06b90d03-90bf-4a14-9631-43aec05be888', 'Charles', 'Sigurd', '1963-05-08'),
        ('24abfa3c-b756-4858-af0f-385ab436cb14', 'Olivier', 'Abelardo', '1987-12-31'),
        ('bbb0a8b7-f701-490f-b468-095d37477eb3', 'Fontaine', 'Tevin', '1965-06-13'),
        ('c1446a5f-6670-4923-ba8a-e09f02a316f2', 'Guillaume', 'Cory', '1972-02-21'),
        ('c8333e9d-c69f-447b-b973-58acb6ad385b', 'Aubert', 'Ellsworth', '1974-07-16'),
        ('1f29fe75-b09b-4461-b98c-70646c5ccfe1', 'Roy', 'Patricia', '1960-12-17'),
        ('e4d127ef-d6e3-4537-b931-6dfc7d7f98fb', 'Lemaire', 'Ollie', '1964-02-05'),
        ('6cac64ba-b57f-4001-ae88-44a1332a34ff', 'Fernandez', 'Simone', '1973-03-13'),
        ('3d1e1125-b645-430f-8d08-7bddbb9d3fc6', 'Da silva', 'Jessy', '1994-11-12'),
        ('2a777637-d8d6-47a1-8ce5-263036f1895d', 'Charles', 'Howard', '1997-02-08'),
        ('b376853f-de3e-428f-99e6-5c6b3d75a803', 'Gauthier', 'Zoila', '1991-12-17'),
        ('3cf13f20-0e9b-4caa-9ed0-1d2ad2a13e4c', 'Lefevre', 'Lea', '1987-08-22'),
        ('496d3b0a-2d71-425f-a11b-1daf1f49d050', 'Garnier', 'Kelvin', '1983-12-17'),
        ('81ec06ec-ec3d-4400-86fd-261ea41bb6c2', 'Duval', 'Jarred', '1966-09-26'),
        ('db285da6-2f42-439a-a317-9b308e2c1377', 'Mathieu', 'Carmel', '1997-07-28'),
        ('7b6d6e7b-4fb0-4842-ae35-fda09c4a1684', 'Renault', 'Alysa', '1970-06-06'),
        ('e64f4062-6aa3-4137-ad41-57f1f0301e6e', 'Fernandez', 'Colten', '1967-09-01'),
        ('9153208e-30e7-4248-ba3a-92ba5d50aa8e', 'Bertrand', 'Vivianne', '1973-02-19'),
        ('903b6b94-4a06-45a8-8c84-7f5d4e78dfd5', 'Marie', 'Kamren', '1997-11-10'),
        ('4447f1e3-54a6-4ce3-95af-e7dbee0a2081', 'Gerard', 'Eleazar', '1977-02-12'),
        ('4a2da531-8c51-40cb-819b-b7bc1a945678', 'Aubert', 'Grant', '1997-01-14'),
        ('d8aa11b6-0e6f-4453-a1e0-c2a206de0d4f', 'Renault', 'Kolby', '1989-03-20'),
        ('d51308e6-d069-45e5-b950-9e935cbecfb4', 'Mathieu', 'Curtis', '1961-07-21'),
        ('662ced03-0804-4435-ba56-51ba1acaeab4', 'Roche', 'Kenneth', '1965-10-10'),
        ('8bd4ee13-9e23-41cf-8228-343a624595b1', 'Renault', 'Vicky', '1994-05-17'),
        ('66ef6330-217e-4c9d-b745-7bbb6c92cbce', 'Fournier', 'Josianne', '1972-07-30'),
        ('8209c68b-fd5c-4173-9e59-2bae294ff6ac', 'Leroux', 'Shanny', '1983-11-29'),
        ('b92c031c-3901-4bab-8f38-892857e586de', 'Renaud', 'Richard', '1969-03-01'),
        ('924a1e76-8ce7-4af1-a62a-3e2f309ff9db', 'Lacroix', 'Ollie', '1993-12-19'),
        ('15c50435-ba7c-4ea4-ae3a-7d0bfdeea15a', 'Rousseau', 'Vance', '1969-04-14'),
        ('61295936-2e33-4145-a3e9-241d1473f08b', 'Cousin', 'Randall', '1976-11-01'),
        ('4a057240-f644-4aaa-9bfa-a848983953b2', 'Roche', 'Stephania', '1961-06-11'),
        ('1901323f-d815-4817-a5e2-1c82161d1c2d', 'Leroux', 'Torey', '1968-11-14'),
        ('403e18a3-1872-4ffc-8fe3-16d8e5b47af7', 'Durand', 'Kaylee', '1983-01-13'),
        ('d6eab2dd-18fc-4b48-918e-ed098fb56f2b', 'Henry', 'Roy', '1983-10-14'),
        ('1543fd61-f9a2-4412-941b-2c95d62f675f', 'Dumas', 'Sterling', '1962-02-19'),
        ('ca3bf264-6e92-4a95-b443-7d6a61810d75', 'Meunier', 'Amina', '1962-11-03'),
        ('6b570a68-e6dd-4aec-96cc-fbe4ed56764f', 'Vincent', 'Elaina', '1982-05-06'),
        ('b29caa1d-a88d-4a39-ad0c-83eb9962034a', 'Rodriguez', 'Lea', '1983-01-01'),
        ('173fcbd5-fba9-450d-b27d-0de3f3f9d3b3', 'Denis', 'Lexi', '1990-02-17'),
        ('c5da8ab5-4430-4294-802b-1e6970abf9ee', 'Garcia', 'Destini', '1994-10-22'),
        ('81963f60-b314-485d-b693-9f4a456b7466', 'Paris', 'Orland', '1994-03-31'),
        ('9120d71a-0b80-4bcb-88f8-c9e499cb7555', 'Philippe', 'Joel', '1996-08-26'),
        ('7aa04bf3-70bf-4f50-b578-f3a53b02748a', 'Huet', 'Charles', '1995-12-21'),
        ('5e646df0-3af0-4e2b-b3f4-b1435c3df845', 'Moreau', 'Tanya', '1961-07-11'),
        ('f638f294-8290-46aa-9fda-3088939f957b', 'Breton', 'Makenna', '1962-07-05'),
        ('9fbf3f82-0ea6-4b5e-9ba9-50e4bad1c8e3', 'Lefevre', 'Cicero', '1996-12-12'),
        ('2ee691bf-fb0d-4182-bdfe-742847770753', 'Paris', 'Casimir', '1988-08-21'),
        ('be103747-1217-444e-87a0-cbfaae0ec139', 'Guyot', 'Oma', '1974-11-01'),
        ('9110f42f-df0b-4a0b-9431-b7d17d44bb2d', 'Colin', 'Vanessa', '1977-12-21'),
        ('2935479f-e852-4e4a-aa40-263400fd18e2', 'Marty', 'Jeanette', '1983-12-02'),
        ('a1a446cc-2bae-48a1-b45f-0bba40ce7244', 'David', 'Kody', '1975-12-12'),
        ('38556522-0816-40f5-b352-26ad11385ba3', 'Berger', 'Manuela', '1978-04-29'),
        ('7e3d93ae-2e16-4422-a870-7bc6722aa7aa', 'Carpentier', 'Pierre', '1960-11-05'),
        ('71826c0e-d154-48fe-9b33-1f0c21208388', 'Dupuis', 'Kristian', '1963-04-29'),
        ('bda993de-b26e-489a-adb0-97e1fcceffbd', 'Pons', 'Jessy', '1973-05-19'),
        ('7e56f77d-a711-46b7-8282-3acd0da3b370', 'Marchand', 'Stuart', '1980-06-19'),
        ('e876f0d1-ada4-43c0-be95-c8d6c1335154', 'Lemoine', 'Jaylan', '1964-07-31'),
        ('9561084e-8258-4025-8b94-4c708d87d37c', 'Mercier', 'Antoinette', '1970-01-15'),
        ('d9a2332a-e7cc-4c7d-9cf1-2d0c2e41d2d0', 'Noel', 'Alverta', '2000-09-12'),
        ('72c7000a-40a2-4a58-9cac-0c3e3aa99adf', 'Martin', 'Mia', '1971-04-23'),
        ('c46a3af0-865a-4b2b-8fd3-bfed90b43a7e', 'Berger', 'Benton', '1996-10-22'),
        ('447797f6-9d17-41f3-8668-0f3b0ecf5680', 'Leclerc', 'Anahi', '1987-11-06'),
        ('46fb5c00-848b-487c-9317-062c50c02fac', 'Fontaine', 'Kristian', '1983-10-31'),
        ('a0e6a329-3c84-46c0-9f03-e364c6e531a1', 'Huet', 'Jarvis', '1980-06-07'),
        ('9bc67f03-3a21-4d44-8cb1-603afeccec21', 'Laine', 'Amiya', '1993-06-06'),
        ('381938f6-a855-4c13-a840-4f8a038df028', 'Lambert', 'Amani', '1961-12-27'),
        ('4896922f-b3f9-4a60-b87e-032912ed05ac', 'Masson', 'Alford', '1978-08-23'),
        ('1c8175e7-92db-421c-8b46-971a7a902d67', 'Dupuy', 'Richie', '1992-03-28'),
        ('145e9d34-2e79-460d-a22d-461c46bb822a', 'Richard', 'Hyman', '1998-12-11'),
        ('62599a7f-2b9b-42ab-b571-e1625bf502d2', 'Lucas', 'Delphine', '1980-10-03'),
        ('8aa04025-c8b1-4721-ac38-2add0024c6e4', 'Vasseur', 'Antwan', '1979-07-07'),
        ('0f0ce103-a31f-4a09-ab26-8ed730b8cc64', 'Chevalier', 'Heath', '1970-08-31'),
        ('16c78dd7-1073-4128-bcc5-848783304ba1', 'Lemoine', 'Robert', '1984-09-09'),
        ('09a041a3-d9b5-49f3-b7b2-c103ac11ae72', 'Simon', 'Evans', '1975-11-24'),
        ('02e96f5d-07ec-4c9c-972a-719de159ddde', 'Roche', 'Jaida', '1981-05-22'),
        ('f44f5668-8492-41c4-b04a-c420b232d468', 'Arnaud', 'Leda', '1975-01-31'),
        ('4615d45a-0908-4319-a4d8-09396ed046e8', 'Berger', 'Santos', '1980-11-16'),
        ('15b440ce-ca95-49dd-99ba-f5c65b816a8f', 'Masson', 'Elmo', '1979-05-23'),
        ('d30969a4-c4ac-4b8c-8e75-e5572e353b68', 'Sanchez', 'Justen', '1995-05-17'),
        ('255ae1ec-a84d-49c9-9615-585181dd27c9', 'Breton', 'Gerson', '1998-12-02'),
        ('804824da-8854-4f9c-8d0d-212f250c2f88', 'Laine', 'Fanny', '1982-08-22'),
        ('7d6e721d-9b35-44ce-9e3d-1c6b977a47c3', 'Philippe', 'Orrin', '1989-10-05'),
        ('397a3605-1857-49e0-9b8e-21faba0083d3', 'Blanc', 'Vern', '1973-01-29'),
        ('7415d5ec-be24-4e39-9db1-93c93de5c64d', 'Prevost', 'Aidan', '1985-12-07'),
        ('b9856614-5c98-40b2-aa68-0296703c88f5', 'Martinez', 'Daniella', '1978-02-13'),
        ('a9dfab3e-fd03-46d6-90a5-07644e9039bb', 'Renard', 'Edna', '1995-03-05'),
        ('1d2653d4-3182-4a6b-a3cb-189eb5bb0cc7', 'Olivier', 'Shaina', '1983-01-03'),
        ('3de7c0fc-c7b5-4bd6-b2f2-8c006f129e45', 'Marie', 'Ally', '1966-02-26'),
        ('27162356-b3e5-47b8-ab9d-b8e9f4cac5a6', 'Cousin', 'Rosamond', '2000-06-07'),
        ('39e575a9-9630-43e8-ba58-cd9637d28734', 'Aubert', 'Alicia', '1995-09-11'),
        ('ba531044-9324-45cc-9b60-8cf2db28cfe7', 'Thomas', 'Wilber', '1972-07-27'),
        ('d0879b71-e028-490c-a999-4aebce8025d5', 'Blanchard', 'Maria', '1999-06-21'),
        ('4e2b5b12-a8ea-4ff1-8072-2175e3849f38', 'Louis', 'Stan', '1960-07-10'),
        ('e65cfcea-2acf-40d8-9b80-8f7a661070bd', 'Leclercq', 'Kyleigh', '1980-05-26'),
        ('8f80f01f-ec5c-41e7-8b02-1590bf3b80ea', 'Guerin', 'Efrain', '1960-02-24'),
        ('ef8c6b57-ecb7-4c0c-b7d5-db4b1034c8ce', 'Perrin', 'Raegan', '1985-08-31'),
        ('dd9d1d5e-8e2e-4e33-a2be-533224e37774', 'Garnier', 'Lily', '1990-12-17'),
        ('779f9b98-9afe-4a01-95fb-e1432dbd9f19', 'Rolland', 'Sanford', '1989-01-18'),
        ('10e2f73d-b501-4ac9-be6d-d8e8ad5439d7', 'Roche', 'Glen', '1994-05-12'),
        ('2088212d-3832-43b4-b6b5-1d2e70a8a065', 'Bourgeois', 'Milford', '1997-02-10'),
        ('9efd9e78-f82b-4dfa-9a75-7b5c07c44299', 'Bernard', 'Mckayla', '1995-07-01'),
        ('26dae747-cb04-43ba-b27f-ea901eca64b7', 'Paris', 'Christop', '1966-09-30'),
        ('7b9e9d8e-9f8f-4979-bf1b-6e8ecd42e17d', 'Masson', 'Audie', '1996-04-09'),
        ('135db2e9-be4c-4770-b3bf-edbb2d9b471b', 'Carre', 'Eugene', '1993-12-06'),
        ('df5df1e0-c10e-4e3e-bc29-1f0fe8930f73', 'Rolland', 'Cleta', '1994-04-16'),
        ('7434bad1-a75e-422e-81e4-0465c8de02e2', 'Adam', 'Adrain', '1965-10-18'),
        ('f61c0f27-1446-47ce-8d46-ab475fb2e1f6', 'Prevost', 'Jacklyn', '1969-11-18'),
        ('87e63d65-1e4f-44d2-acfd-c22f8b43ff1d', 'Guyot', 'Quinton', '1991-06-30'),
        ('f74c4261-d086-45f8-8514-e59542aa40de', 'Poirier', 'Ulises', '1973-08-31'),
        ('11d3266d-ee10-47ff-8d58-c52d8eaa0a04', 'Picard', 'Kailee', '1975-08-09'),
        ('1bbaf20b-9720-4df4-a8b8-ff0f53d64004', 'Renault', 'Bianka', '1964-12-20'),
        ('8eae5318-fa3f-4479-bfad-e764cbfc4ca1', 'Lefebvre', 'Deanna', '1960-03-25'),
        ('09f7c51b-579e-47fc-b97b-a9f74e586b54', 'Pons', 'Carolyn', '1961-01-26'),
        ('834642ed-70fa-4390-bb59-90a4e68da87e', 'Guerin', 'Estel', '1983-02-24'),
        ('86c74428-fcb9-4131-9799-5b49f3d4d6b7', 'Gautier', 'Trinity', '1979-03-17'),
        ('a4562622-9c16-4ab0-8867-80c01448161c', 'Legrand', 'Doyle', '1977-09-09'),
        ('d35c7d5a-e9c5-4504-a0cc-0c7871253baa', 'Guerin', 'Pearlie', '1991-10-16'),
        ('9ac83646-8524-4411-8c98-5125499b23eb', 'Maillard', 'Uriel', '2000-05-30'),
        ('836cb232-b47b-4597-96f4-31141ece9451', 'Dupuis', 'Kaylee', '1987-05-22'),
        ('2a096d16-7691-48aa-99df-d3932a48a3e6', 'Guillot', 'Eryn', '1960-03-20'),
        ('d71b69fc-01f9-40d4-a4bb-6bf691613cdf', 'Gonzalez', 'Sonny', '1984-09-16'),
        ('c84b3b88-dc61-42bf-a48f-b5e05bb34d42', 'Rey', 'Arianna', '1979-02-06'),
        ('2209910a-8d1c-4eab-90f2-e03fdae8924a', 'Picard', 'Emilia', '1996-01-26'),
        ('f2f7775f-7cb2-4fe6-ac4b-1378cdda1624', 'Louis', 'Rae', '1972-03-11'),
        ('aa6c4371-93dc-4c9d-ab9d-f3817cf8408c', 'Cousin', 'Americo', '1989-11-04'),
        ('c3f47c2a-c17e-40a7-a117-b4bb0d0609cf', 'Lefevre', 'Rita', '1969-03-29'),
        ('3c8eacd5-4234-416c-943c-60cbec71c0a7', 'Faure', 'Sharon', '1963-01-31'),
        ('e4e70c23-aee3-4941-9ad4-9448f65e0cc8', 'Picard', 'Bart', '1999-09-25'),
        ('43d46bad-6f7f-4fe6-9172-a5ca79403e4f', 'Gaillard', 'Laura', '1965-05-29'),
        ('c74344be-5f1f-4e40-ae44-e37d50c2c699', 'Francois', 'Dedrick', '1994-02-02'),
        ('bfeda5ee-2dd2-4ad0-a824-46af359bb31e', 'Roy', 'Brisa', '1980-12-15'),
        ('eec1b1cc-e45a-455e-a509-0ec21352cf13', 'Meunier', 'Federico', '1962-04-03'),
        ('d2fc8a78-f12d-4859-9ab3-611fa87b937e', 'Noel', 'Emerald', '1994-03-18'),
        ('805f1f62-2046-4df4-8f27-524f4a141dc5', 'Rousseau', 'Elton', '1984-10-20'),
        ('d8f302c2-0f12-47c8-bf22-cfb16ea61099', 'Louis', 'Abbey', '1988-11-20'),
        ('c2cfdba3-0906-4e54-8360-2167d9e452b6', 'Francois', 'Zane', '1981-10-08'),
        ('4a520af6-21f7-4ed6-8e73-a6114d73c2f2', 'Andre', 'Octavia', '1981-07-13'),
        ('50d10b03-fcc3-4841-861d-d572a5a1f6fd', 'Huet', 'Westley', '1999-11-13'),
        ('1242988c-2059-4d41-b0f6-36cb4b2d5c80', 'Paris', 'Jakayla', '1961-03-27'),
        ('2ebfdb17-7ec3-4adb-901a-dc5cd03d7c3f', 'Gaillard', 'Dillon', '1979-02-15'),
        ('ace779c9-d8e7-4e4f-94fc-52a39611db94', 'Dumas', 'Shawn', '1981-06-04'),
        ('24e71be9-79ca-4bab-bbbc-731a320a2989', 'Chevalier', 'Devante', '1976-09-30'),
        ('1984481e-73d3-4d79-a9f6-d315b214c997', 'Blanchard', 'Rosario', '1972-02-12'),
        ('c909f2a7-bdc2-470f-9df9-599935d8a040', 'Roux', 'Jessie', '1989-05-20'),
        ('5a7368f0-75e8-494e-ba81-036fda5d26aa', 'Giraud', 'Elliott', '1991-01-12'),
        ('0b009c3c-9545-421a-ba4f-8156a70ab3b5', 'Olivier', 'Rafaela', '1964-10-12'),
        ('744dc227-3ca0-43ad-ade1-333a5875158d', 'Morin', 'Suzanne', '1974-03-06'),
        ('56e86392-9dfe-453d-bb82-0a8df393cbc6', 'Leclercq', 'Gregoria', '1987-04-18'),
        ('e1fc3223-3168-43b4-8f33-3a3a756c1941', 'Dumont', 'Raoul', '1985-01-08'),
        ('4aebee84-6454-4f27-8a75-141a31260f83', 'Noel', 'Zaria', '1960-10-11'),
        ('89043f1c-20b9-4d0d-a63e-2ea4c8df0660', 'Garcia', 'Moriah', '1969-08-01'),
        ('5c338d05-f8ad-4074-9e3d-4d37aa9f61ef', 'Meyer', 'Herbert', '1973-10-25'),
        ('d26f921d-1b74-41cd-ab18-18ce825aca6a', 'Berger', 'Michel', '1974-08-20'),
        ('feb5d198-fe38-468f-8cde-5cfd952beac3', 'Lefevre', 'Renee', '1968-06-10'),
        ('742856d6-0d69-416d-92a1-d43c792ce97e', 'Marie', 'Blanca', '1982-02-22'),
        ('b5c88059-8cfe-451c-bfea-6d626def251b', 'Berger', 'Brandt', '1966-12-03'),
        ('b6525c79-4a02-4b7f-9235-b5c8811ad573', 'Marchal', 'Eloy', '1982-02-05'),
        ('0316bbf7-b262-4d05-ba4b-f1416b440e8b', 'Leclercq', 'Elouise', '1992-08-18'),
        ('0f4e78d2-94ee-42d3-b575-c635167cd432', 'Poirier', 'Brennon', '1998-05-07'),
        ('b1afa635-c0c4-4ae2-94d5-e926891abd9e', 'Remy', 'Lenna', '1969-11-04'),
        ('42408dce-eb7d-49f5-8ad0-c21b12c2538c', 'Barbier', 'Jeremy', '1976-09-06'),
        ('96cb6d2c-07bb-4508-8966-b461863da7fb', 'Perrot', 'Noah', '1962-02-22'),
        ('7fe4404b-e55d-4832-a2ac-80ffbdbca147', 'Leclercq', 'Al', '1985-08-09'),
        ('befb685c-4f74-4342-b33f-1c722ce8d977', 'Bourgeois', 'Estefania', '1998-04-03'),
        ('556c403a-87f5-4fb1-8e77-a1a8789d5521', 'Deschamps', 'Jovani', '1968-04-08'),
        ('7c459481-265f-4251-8181-51a0a5cfb514', 'Schneider', 'Kristofer', '1995-09-29'),
        ('b6864cc3-618f-4eea-827c-2bc54b8ce6be', 'Clement', 'Tod', '1961-03-04'),
        ('a9747c75-fda3-447e-bae5-826962689f35', 'Deschamps', 'Antwon', '1985-03-13'),
        ('33f5333f-8040-46e3-b1af-a385433d7957', 'Remy', 'Dell', '1993-05-29'),
        ('fc064aff-7023-46ef-afa4-9f2860e79e3f', 'Mercier', 'Karolann', '1975-08-20'),
        ('edfb7cb6-2a20-4165-a835-985c5dc3f2a0', 'Faure', 'Jack', '1986-01-02'),
        ('98294811-4ff5-4d68-89ee-59e9d96bf3d4', 'Lucas', 'Marcos', '1966-10-07'),
        ('6e48d267-2b78-4e4f-81c3-e593f83ffc16', 'Dumas', 'Colleen', '1962-06-05'),
        ('832b5dc2-66fe-4636-b5a2-eb31cc1b5b23', 'Perrin', 'Delmer', '1976-04-10'),
        ('ad59a199-2ed9-49e2-a835-164c82f07bf9', 'Berger', 'Rodrick', '1960-10-28'),
        ('bb09fd92-2c31-4769-88c5-b1ee725da255', 'Henry', 'Jake', '1961-01-15'),
        ('42bd9836-fdcb-4140-8167-a6f763d2c15c', 'Roy', 'Rylan', '1987-02-16'),
        ('8cd38d11-73a4-4528-81a0-c41de84c135d', 'Laurent', 'Jaunita', '1980-12-03'),
        ('e2b12c10-e9cd-4d2a-ba76-ccc7e4465ec4', 'Berger', 'Odell', '1994-03-02'),
        ('df32cf0f-f6f3-44a1-95ab-56be4ee3c086', 'Marchal', 'Rosalind', '1971-10-12'),
        ('f1b1ec90-f0f2-4f45-9884-e67a5c7a6ebd', 'Jean', 'Hershel', '1981-05-08'),
        ('eecdeddb-4a1f-4e59-9552-a33d39ab8dbe', 'Jacquet', 'Willa', '1960-01-10'),
        ('dd78c42f-f69c-450a-9ce7-661c914ddfd4', 'Aubry', 'Eric', '1997-03-12'),
        ('40a40bac-958e-4a53-980d-cb9b66291375', 'Collet', 'Deven', '1998-11-26'),
        ('228b465a-35b6-41d9-931a-5d845e1c0423', 'Nguyen', 'Reginald', '1991-02-03'),
        ('8dc09f95-6954-4276-9a72-83a749ba480e', 'Berger', 'Amely', '1975-09-23'),
        ('96658fe5-23c1-4c51-a43f-7f17d3274c44', 'Roy', 'Avery', '1965-10-02'),
        ('6e716cf2-efd8-4102-99d0-6e15ed7865cd', 'Nicolas', 'Eula', '1980-09-01'),
        ('e727d744-36f6-43c7-8dbc-6601d88d34b8', 'Cousin', 'Modesto', '1988-01-09'),
        ('eb7e4100-5d34-4667-8040-8e27126f1a30', 'Lecomte', 'Marta', '1993-06-02'),
        ('750e4866-f871-4c45-81e6-a0f25e0f9480', 'Giraud', 'Susan', '1968-06-25'),
        ('9878c3b7-b2e6-4388-9233-899116419ca0', 'Schmitt', 'Reyna', '1997-11-27'),
        ('6af4deeb-107f-468a-a1da-253491e59da8', 'Meunier', 'Aliyah', '1982-10-10'),
        ('d8524123-0cea-4382-bc77-49ad69ca9abe', 'Dupuis', 'Joanne', '1968-05-03'),
        ('8f7086c5-41c7-4402-ac73-8679ea354c13', 'Blanc', 'Negro', '1985-12-25'),
        ('bef3d511-a5ae-4f2d-aba9-49cc16db270b', 'Nick', 'Tahmer', '1995-12-08'),
        ('70f9a335-7073-49d2-8437-e88e82f9831b', 'Marie', 'Janis', '1964-12-09'),
        ('83fd4cdc-bcff-40dc-97cc-b833b672f52c', 'Fournier', 'Dulce', '1977-09-06'),
        ('58122d53-d3d3-4294-a156-73e58beaf61d', 'Brunet', 'Shayne', '1966-06-20'),
        ('34934f7f-7cb7-44a6-9add-da76d032fbb3', 'Lemoine', 'Aurelia', '1992-03-28'),
        ('e6c87ef9-5c5a-456b-b3a3-a80a98c99ade', 'Noel', 'Milton', '1971-03-18'),
        ('55d0ad68-798e-4ce6-9de2-d555398a3fa6', 'Gautier', 'Maximilian', '1974-12-08'),
        ('32cbeb56-d6aa-422e-a406-4cf55fa9972c', 'Lopez', 'Jarvis', '1970-03-09'),
        ('c00d77fb-8daf-44cc-b19e-fbed97d38b82', 'Andre', 'Conrad', '1976-03-05'),
        ('a281c87e-827d-4635-aab4-1f4968ffd517', 'Lambert', 'Stan', '1998-11-21'),
        ('fc925d20-d9f5-432d-9259-75f53aaeb726', 'Meunier', 'Justen', '1971-10-18'),
        ('39ed43b5-e75b-4366-ae7a-3e5ec897f0fc', 'Lopez', 'Tate', '1994-10-22'),
        ('9ea0a88c-56e7-40e4-807d-50e2db585bfa', 'Lefebvre', 'Eryn', '1962-04-06'),
        ('ea260be8-2a3a-4fc6-9333-505b4b8ca8d0', 'Francois', 'Lesley', '1998-04-15'),
        ('e8c6c3a0-7608-44ad-ade2-1665cef5153c', 'Roger', 'Lawson', '1967-03-03'),
        ('2f7bdaa7-dfa8-4bec-8f8a-eb94def1b431', 'Collet', 'Francis', '1978-09-25'),
        ('289a7dca-7a1a-47d5-9b26-aa36ace0dae1', 'Legrand', 'Isabelle', '1964-11-28'),
        ('2c77be77-a777-4417-98e2-524550de6b23', 'Bernard', 'Delilah', '1971-12-17'),
        ('91929ba9-908f-4b06-a2b5-ef9c5216c0f7', 'Dupuy', 'Justus', '1990-06-11'),
        ('a9774853-971b-488a-b378-5fae369dc749', 'Carre', 'Nannie', '1974-02-22'),
        ('2d51de9f-f62e-489f-a7ba-a257d5bce14e', 'Deschamps', 'Jan', '1990-09-05'),
        ('763d9018-c64c-4b1a-9113-68d1faff65e1', 'Roux', 'Pasdame', '1976-05-08'),
        ('01179976-31f7-4651-b136-455a69678567', 'Cousin', 'Vernie', '1997-02-11'),
        ('226f0dab-5b9c-41f2-a25c-e143e527f85e', 'Royer', 'Jerod', '1962-08-17'),
        ('481f0822-3c3c-4551-a128-54b03a7a42a8', 'Jean', 'Hiram', '1996-07-09'),
        ('b735f984-c365-4553-94fd-fe3a155254df', 'Paris', 'Makenna', '1965-12-19'),
        ('63a9d2ee-1827-47e6-a4d0-5056b52e9da9', 'Laurent', 'Carlos', '1991-12-08'),
        ('e843685d-99b0-4797-b784-683e9512cb47', 'Deschamps', 'Kailey', '1984-10-21'),
        ('6a1ea8ab-1550-4991-902d-7f31a3d4bb32', 'Garcia', 'Torrey', '1990-04-01'),
        ('f0dbbb98-1e8c-44ee-b263-71629d30e11c', 'Schneider', 'Christina', '1989-12-31'),
        ('60d49da4-894a-490d-a097-13057e4acd5c', 'Dupuy', 'Mohammed', '1973-06-10'),
        ('d001b6c8-9472-48f5-a2c2-a45121a75ce2', 'Fontaine', 'Janie', '1993-04-12'),
        ('ebd91378-6624-4389-aa3e-f29221db1329', 'Philippe', 'Jalon', '1984-09-07'),
        ('f4c1fb3a-8a47-4535-ad59-7520eb8b5dd9', 'Breton', 'Rozella', '1969-08-04'),
        ('9d7d3d55-c762-4fbb-a202-fa1f311cf241', 'Nicolas', 'Isabel', '1962-09-26'),
        ('8fef0819-6f4f-42e8-bcdc-d2eaf093a0d2', 'Leroy', 'Waylon', '1997-03-09'),
        ('37923ba4-2cc9-4ac6-b851-8b7c7dbf76b6', 'Garcia', 'Antoinette', '1986-12-12'),
        ('0b613a54-e59f-4c01-892b-57d17f0c68b9', 'Dupuy', 'Llewellyn', '1996-05-08'),
        ('cab67f39-e93e-46bd-ab81-92dccd733ed1', 'Christopher', 'Columbus', '1978-03-31'),
        ('bf4f3502-a0f1-455a-b871-731d0bbebf58', 'Fournier', 'Devante', '1984-07-05'),
        ('6feb7a7c-659e-4b62-aeb6-c94a56ca0757', 'Gautier', 'Jayme', '1960-06-11'),
        ('f0bd34c9-1645-486f-8321-52a3ee5b0192', 'Moreau', 'Sonya', '1999-02-03'),
        ('453de19b-3152-47a2-8416-5dbe67d68087', 'Leclercq', 'Jace', '1967-07-30');

-- player_play_for_team
insert into public.player_play_for_team (jerseynumber, startat, endat, playeruid, teamid)
values  (2, '2020-12-07 00:00:00.000000', null, 'da8c05e7-f7ae-495d-aa3a-631159a7af45', 2),
        (3, '2020-12-07 00:00:00.000000', null, 'd61e7323-a5e5-4f81-98b5-0b46c9fb023f', 2),
        (45, '2020-12-07 00:00:00.000000', null, 'a2299122-1ec0-4fd5-b8c0-59542c72c1af', 2),
        (6, '2020-12-07 00:00:00.000000', null, '335a5a22-15df-4f5b-a71b-231308ec7b8b', 2),
        (55, '2020-12-07 00:00:00.000000', null, '2caaa53f-df0f-42ec-875e-f593ca498ce5', 2),
        (44, '2020-12-07 00:00:00.000000', null, '908a1949-54db-4ef8-b3cb-6bfc770e5c7f', 2),
        (11, '2020-12-07 00:00:00.000000', null, '38f251c4-6627-4962-ab49-99e9fe8c1bae', 2),
        (69, '2020-12-07 00:00:00.000000', null, '77979586-c0be-463f-941d-501ca1053172', 2),
        (420, '2020-12-07 00:00:00.000000', null, '2724fe4b-02cf-4a49-a7e2-0a2c100fa277', 2),
        (1, '2020-12-11 00:00:00.000000', null, '76c8dd58-797b-4f6f-93e5-118f6457d520', 3),
        (2, '2020-12-11 00:00:00.000000', null, 'd44ff2ba-3782-4522-9e8f-410fc825bbd3', 3),
        (3, '2020-12-11 00:00:00.000000', null, '460e6834-2b7e-475b-bfed-5738966cf999', 3),
        (4, '2020-12-11 00:00:00.000000', null, 'f6529574-cb8a-44da-b938-a9e03aaea718', 3),
        (5, '2020-12-11 00:00:00.000000', null, '05a962b8-9021-421a-b80a-9e5511cecc72', 3),
        (6, '2020-12-11 00:00:00.000000', null, 'beac5679-1790-4d51-bde8-c4db6c17dfca', 3),
        (7, '2020-12-11 00:00:00.000000', null, 'd3a84fce-3047-456a-bb69-74c1c9e52f7d', 3),
        (8, '2020-12-11 00:00:00.000000', null, '948d512b-d181-429d-9b06-5bc697fa2324', 3),
        (9, '2020-12-11 00:00:00.000000', null, '3a5fa8fe-5bee-4ae5-9532-2d2269e09614', 3),
        (10, '2020-12-11 00:00:00.000000', null, 'd21af439-851c-41dc-b9c2-beea36d3fe7e', 3),
        (11, '2020-12-11 00:00:00.000000', null, '472971fb-63c6-4143-87e2-a311b732a7cd', 3),
        (12, '2020-12-11 00:00:00.000000', null, 'ccc0d0d9-4967-47ea-b15b-432394de3500', 3),
        (13, '2020-12-11 00:00:00.000000', null, '5251f43e-3740-43d7-af28-03cd68eba194', 3),
        (14, '2020-12-11 00:00:00.000000', null, '89f475ec-accd-4995-b9a2-95d2ab72fc06', 3),
        (1, '2020-12-11 00:00:00.000000', null, '7f82aaeb-1a3f-48a5-91e1-c6006891bb6e', 4),
        (2, '2020-12-11 00:00:00.000000', null, '700984c7-da28-4df1-acb1-ee6c131ca5a0', 4),
        (3, '2020-12-11 00:00:00.000000', null, '27e6a7f8-ea81-4221-a105-3c12a1012003', 4),
        (4, '2020-12-11 00:00:00.000000', null, '9c617159-8cdf-4572-aa77-f6e250bf4b0c', 4),
        (5, '2020-12-11 00:00:00.000000', null, 'c9081205-ad76-41da-a0a5-f8e3e289f070', 4),
        (6, '2020-12-11 00:00:00.000000', null, 'e79eeb50-2a83-4364-8e55-07cd87aabe50', 4),
        (7, '2020-12-11 00:00:00.000000', null, '93b12e88-156b-4b62-9659-f5a53a2f3cb9', 4),
        (8, '2020-12-11 00:00:00.000000', null, 'ec9d5d71-9b5d-43a2-9197-d8f1799584c0', 4),
        (9, '2020-12-11 00:00:00.000000', null, '07e8a068-5f25-4234-ab26-68f96cea5bab', 4),
        (10, '2020-12-11 00:00:00.000000', null, '8be25a69-2413-47aa-89b0-bce62c6382fd', 4),
        (11, '2020-12-11 00:00:00.000000', null, '480b5c06-aa48-4396-819b-9f548a14d605', 4),
        (12, '2020-12-11 00:00:00.000000', null, '9a0b72ea-0ac5-4b78-87bf-1b067f7dc5d9', 4),
        (13, '2020-12-11 00:00:00.000000', null, 'a8acad69-d78d-4495-81c5-97981ee5e592', 4),
        (14, '2020-12-11 00:00:00.000000', null, '57061bb9-374c-4875-b88e-c32702519067', 4),
        (15, '2020-12-11 00:00:00.000000', null, 'b540b628-099e-4a47-88a5-cc988c01e06f', 4),
        (1, '2020-12-11 00:00:00.000000', null, 'f285ed52-a393-4f7b-b9d9-82fddf7a9ce8', 5),
        (2, '2020-12-11 00:00:00.000000', null, '2f250949-2ff5-49d4-9caa-dfdae32ea8c4', 5),
        (3, '2020-12-11 00:00:00.000000', null, 'c66a8525-b520-4aaf-9ed6-0ef66b11597a', 5),
        (4, '2020-12-11 00:00:00.000000', null, '5d1d16d7-10d8-4786-94bb-f4c333f84b4e', 5),
        (5, '2020-12-11 00:00:00.000000', null, '454c37af-8c71-451d-8f38-c1cd7621e246', 5),
        (6, '2020-12-11 00:00:00.000000', null, 'ceecbd8e-a783-42bd-8897-7af5f9babd16', 5),
        (7, '2020-12-11 00:00:00.000000', null, 'bcd335be-6a52-4032-9de0-4f5bb3a05e96', 5),
        (8, '2020-12-11 00:00:00.000000', null, '369bb994-4e24-4faf-90e7-4a8583ef61ba', 5),
        (9, '2020-12-11 00:00:00.000000', null, 'cc9f94d8-74da-45e9-8fdf-11166a521240', 5),
        (10, '2020-12-11 00:00:00.000000', null, '6c39414d-2de6-49cb-8aeb-4fa279b28ca7', 5),
        (11, '2020-12-11 00:00:00.000000', null, 'b8ff5a7c-67e1-4503-805e-0816860602b4', 5),
        (12, '2020-12-11 00:00:00.000000', null, '021c8d2e-52cf-4fd9-b301-c0415fbaae08', 5),
        (13, '2020-12-11 00:00:00.000000', null, '18a3b20e-4fff-4531-8eec-7f8524145a46', 5),
        (14, '2020-12-11 00:00:00.000000', null, '6f050bff-d63d-4f0f-b2eb-4a97c3904bba', 5),
        (15, '2020-12-11 00:00:00.000000', null, 'bf7eab87-2c66-4c3d-bf4f-1bc8c2642739', 5),
        (16, '2020-12-11 00:00:00.000000', null, 'dfbb80c2-4df7-446e-9f52-310a9ab96370', 5),
        (1, '2020-12-11 00:00:00.000000', null, 'a0529a16-d61b-437d-b963-198378ced742', 6),
        (2, '2020-12-11 00:00:00.000000', null, '5a9a4538-b317-40bb-8926-67bb0eace04f', 6),
        (3, '2020-12-11 00:00:00.000000', null, 'c668ed1d-3412-419b-9a24-0a2bd1ff247d', 6),
        (4, '2020-12-11 00:00:00.000000', null, 'd6479187-46d2-4915-99a1-69f0814d782f', 6),
        (5, '2020-12-11 00:00:00.000000', null, '3590bc1c-34e1-48fe-9b11-16399af0f982', 6),
        (6, '2020-12-11 00:00:00.000000', null, '667c4336-aaad-448b-af62-930469e5b8da', 6),
        (7, '2020-12-11 00:00:00.000000', null, 'e206252a-35b4-43dd-ae8b-f053ce84a60b', 6),
        (8, '2020-12-11 00:00:00.000000', null, '37bd5b6d-92d2-4509-b70e-92bb0fb519c2', 6),
        (9, '2020-12-11 00:00:00.000000', null, '067247dd-91ea-4229-9aa6-8bbcf80716b6', 6),
        (10, '2020-12-11 00:00:00.000000', null, '019f1357-0b73-467f-9cc6-cd9c1a791406', 6),
        (11, '2020-12-11 00:00:00.000000', null, 'ae47d782-e8ec-451d-8bb2-44a3897db172', 6),
        (12, '2020-12-11 00:00:00.000000', null, '89c5e5bb-a9ef-4ea6-bdae-71609177cfd8', 6),
        (13, '2020-12-11 00:00:00.000000', null, '6197bbfa-077e-4baf-97f3-dc88c1dadb32', 6),
        (14, '2020-12-11 00:00:00.000000', null, 'dab6fd6f-0ca9-4388-9514-242a87e2bbf8', 6),
        (60, '2020-12-11 00:00:00.000000', null, '2c866aec-bdef-4ac6-b46a-f977b9fd665c', 6),
        (50, '2020-12-11 00:00:00.000000', null, '623058a4-3956-4476-89bc-e6fb90ee6899', 6),
        (69, '2020-12-11 00:00:00.000000', null, 'e02a1cdc-19be-4a1b-832a-cf220c6f6c47', 6),
        (77, '2020-12-11 00:00:00.000000', null, 'c7449874-421c-4128-b0d1-b1edef6632bd', 6),
        (1, '2020-12-11 00:00:00.000000', null, '2f79854c-d8a3-422a-8bef-c8665bd1b86f', 7),
        (2, '2020-12-11 00:00:00.000000', null, '0d209223-5f23-4799-8829-37113618e71b', 7),
        (3, '2020-12-11 00:00:00.000000', null, '3bc730d8-a722-4753-bc19-c7fa4a3ef243', 7),
        (4, '2020-12-11 00:00:00.000000', null, '31d64433-5200-4b0c-aa96-4b5fbd9cdfa2', 7),
        (5, '2020-12-11 00:00:00.000000', null, '7f77bed6-c37b-4086-8cba-3dce204c0359', 7),
        (6, '2020-12-11 00:00:00.000000', null, 'c8e73461-2ca4-41ad-b2d1-f30e7715f3ff', 7),
        (7, '2020-12-11 00:00:00.000000', null, '8a4c2834-53c4-4afd-98a2-903934d066e6', 7),
        (8, '2020-12-11 00:00:00.000000', null, 'e2af5a94-2eae-4740-a164-26b9716f4449', 7),
        (9, '2020-12-11 00:00:00.000000', null, '5ba17e40-7090-44db-9bfb-0cd2981e0df5', 7),
        (10, '2020-12-11 00:00:00.000000', null, '29ce7246-d1af-4b39-b3c0-ab329a7a42a1', 7),
        (11, '2020-12-11 00:00:00.000000', null, '4876a1fe-2552-443d-bf8c-239c242b93a6', 7),
        (12, '2020-12-11 00:00:00.000000', null, 'a490f868-99d5-4763-a023-2e78644850da', 7),
        (13, '2020-12-11 00:00:00.000000', null, '20fadb73-6a61-4979-87e1-42946515b89b', 7),
        (14, '2020-12-11 00:00:00.000000', null, '3159cab6-05c5-496d-8324-1991937b1126', 7),
        (15, '2020-12-11 00:00:00.000000', null, '6ecb1d4f-56ae-4a8a-996b-002a29560ed1', 7),
        (16, '2020-12-11 00:00:00.000000', null, '6f1a2592-34ac-4632-88f6-b8d7142f871a', 7),
        (17, '2020-12-11 00:00:00.000000', null, '5a5502f7-ab54-4f80-90ef-4383c659db1a', 7),
        (18, '2020-12-11 00:00:00.000000', null, '442bf993-309c-4622-80c8-be9e9b2b5365', 7),
        (19, '2020-12-11 00:00:00.000000', null, 'bfa1639e-5c6a-4d9e-b84d-d4b12c3967f2', 7),
        (20, '2020-12-11 00:00:00.000000', null, '3b2d2518-cab8-4cfc-b12f-765ed49056db', 7),
        (21, '2020-12-11 00:00:00.000000', null, 'd823a168-6998-4b2d-8509-6828de80e8bc', 7),
        (22, '2020-12-11 00:00:00.000000', null, '27ab74b5-4a7f-44fc-8448-4b0cb050483f', 7),
        (23, '2020-12-11 00:00:00.000000', null, 'ea8e39f9-7924-44bc-8ad4-0075ec7f5725', 7),
        (24, '2020-12-11 00:00:00.000000', null, '392e6baf-f97b-47c3-929a-63b78afab777', 7),
        (1, '2020-12-11 00:00:00.000000', null, '570492a0-c855-43f1-949e-7c39bf34aa43', 8),
        (2, '2020-12-11 00:00:00.000000', null, 'b02d05d4-4d3a-4bc0-b549-189860119b90', 8),
        (3, '2020-12-11 00:00:00.000000', null, 'b6a2fced-c892-446c-874f-4db04fc8e3aa', 8),
        (4, '2020-12-11 00:00:00.000000', null, '1b770c25-da35-453a-80a7-43b2d43e160c', 8),
        (5, '2020-12-11 00:00:00.000000', null, 'fbd5ba5c-230f-4d8a-8d39-89b481e78809', 8),
        (6, '2020-12-11 00:00:00.000000', null, '73e0ed8e-029d-48db-8cd4-c56a2d55a7fe', 8),
        (7, '2020-12-11 00:00:00.000000', null, 'f1d8158e-7ae6-4f2d-837f-01ab56ba86c0', 8),
        (8, '2020-12-11 00:00:00.000000', null, '7b8aa94b-ef2c-4cf3-a8b4-05521b2501ea', 8),
        (9, '2020-12-11 00:00:00.000000', null, 'b7825002-388c-4038-9fe2-b359e1f80584', 8),
        (10, '2020-12-11 00:00:00.000000', null, 'd2bce5bd-6a18-42b1-8344-ac4cfcf87135', 8),
        (11, '2020-12-11 00:00:00.000000', null, 'ccb77ae7-36c2-40f1-a86c-3c050793c9b6', 8),
        (12, '2020-12-11 00:00:00.000000', null, '978133b1-ccf9-448f-9c59-84d188ef69ec', 8),
        (13, '2020-12-11 00:00:00.000000', null, 'c0c98ab3-7b66-4a78-8a16-1838a0793876', 8),
        (14, '2020-12-11 00:00:00.000000', null, '92985087-0954-473b-b4fa-b4666f6ef844', 8),
        (15, '2020-12-11 00:00:00.000000', null, '28ff79c9-d413-47dc-a6d9-f58cc0d70313', 8),
        (16, '2020-12-11 00:00:00.000000', null, '08439eeb-fc47-4524-9c22-3ef45ae47e0d', 8),
        (17, '2020-12-11 00:00:00.000000', null, '918b07b9-d7ae-4755-bdc0-56b3a55603a4', 8),
        (18, '2020-12-11 00:00:00.000000', null, 'ad9c7d46-2b11-4277-a901-fe05a05248f3', 8),
        (1, '2020-12-11 00:00:00.000000', null, '947787f7-3ad2-4150-840f-77fb0dbc2ef4', 9),
        (2, '2020-12-11 00:00:00.000000', null, 'e5c1deac-69f9-4f10-b3ca-b4de5b8edaf3', 9),
        (3, '2020-12-11 00:00:00.000000', null, '8ae97d1e-cdf8-4f23-bd2e-10fd4f386203', 9),
        (4, '2020-12-11 00:00:00.000000', null, 'a890c0ef-e21c-44db-b9d8-b4f9d050aaf9', 9),
        (5, '2020-12-11 00:00:00.000000', null, '843aca61-345a-4b8e-827a-e993f53b1d5f', 9),
        (6, '2020-12-11 00:00:00.000000', null, '311fb107-cd89-413f-afd0-6ba5175fc42b', 9),
        (7, '2020-12-11 00:00:00.000000', null, 'f6313837-7b8d-4413-aba0-1d612ac2645d', 9),
        (8, '2020-12-11 00:00:00.000000', null, '1bdd17f8-ca84-4cc7-9af5-6a1b6fe84814', 9),
        (9, '2020-12-11 00:00:00.000000', null, 'c5379d7e-614b-47d1-afe0-ae9ff35e8394', 9),
        (10, '2020-12-11 00:00:00.000000', null, 'ca01c2d4-cca7-4361-b37b-e5ab8d7b42ba', 9),
        (11, '2020-12-11 00:00:00.000000', null, 'b3d7b738-dea8-4658-b8e6-b0af304e8a5c', 9),
        (12, '2020-12-11 00:00:00.000000', null, 'b3e5fd1d-89df-4e89-b5da-d857066e6b0d', 9),
        (13, '2020-12-11 00:00:00.000000', null, 'ceb9da9f-9bfa-4f24-ac8c-85bf70535c31', 9),
        (14, '2020-12-11 00:00:00.000000', null, 'd0f2bcbc-24d6-42df-b0ab-fab3a2fd12e5', 9),
        (15, '2020-12-11 00:00:00.000000', null, '97ab77ee-9b58-4d32-83fc-3ce12428a87f', 9),
        (16, '2020-12-11 00:00:00.000000', null, '0e8fee8f-ab2d-438b-9772-f7d0545ff8e6', 9),
        (17, '2020-12-11 00:00:00.000000', null, '2c2cdf6b-af1d-4c38-b4e1-83f826ab13f5', 9),
        (18, '2020-12-11 00:00:00.000000', null, '7000b6f2-4884-458d-ad3e-c62a91174c78', 9),
        (1, '2020-12-11 00:00:00.000000', null, '5ba4f0f7-35f9-4f36-8979-74531b2de243', 10),
        (2, '2020-12-11 00:00:00.000000', null, '2314c420-982a-4091-ae5b-a4949f40916a', 10),
        (3, '2020-12-11 00:00:00.000000', null, '002e29be-8cf0-4bd5-9616-565076ee6547', 10),
        (4, '2020-12-11 00:00:00.000000', null, 'ff98dc58-5db0-42de-a526-def4e528b2d1', 10),
        (5, '2020-12-11 00:00:00.000000', null, '23f215b2-7c09-48c8-89e6-603f0dc198d6', 10),
        (6, '2020-12-11 00:00:00.000000', null, '203acd52-9f23-42ca-8bec-de9cc8018001', 10),
        (7, '2020-12-11 00:00:00.000000', null, '0f3c187c-38a4-441f-8c4e-64daa078bee0', 10),
        (8, '2020-12-11 00:00:00.000000', null, '9c8bcaab-7604-417b-a5ae-8c310905a512', 10),
        (9, '2020-12-11 00:00:00.000000', null, '9e06825a-98cd-4f4f-adbe-8367fd6d75b4', 10),
        (10, '2020-12-11 00:00:00.000000', null, '12ddd086-b68f-4af0-9d5c-e6dd5f47b2fd', 10),
        (11, '2020-12-11 00:00:00.000000', null, '60f7de98-48e7-45ee-93ec-939820eb7559', 10),
        (12, '2020-12-11 00:00:00.000000', null, '04fb69e3-5687-4330-a326-ab173ccce03f', 10),
        (13, '2020-12-11 00:00:00.000000', null, '8fb7bc66-ce6c-4092-9530-3cf992d61c74', 10),
        (14, '2020-12-11 00:00:00.000000', null, '8032c1a8-1d48-4099-9f3f-a62fc56bd491', 10),
        (15, '2020-12-11 00:00:00.000000', null, '8533fbdb-183c-483a-89be-f33997a3e93e', 10),
        (16, '2020-12-11 00:00:00.000000', null, 'bc424a84-ed2e-4fdb-b649-ba23e1e8cbe6', 10),
        (17, '2020-12-11 00:00:00.000000', null, '27bb2939-3d3e-4b93-aefb-9d023d7bc21f', 10),
        (18, '2020-12-11 00:00:00.000000', null, '35f9fdae-ce03-4dfe-8a8c-0e2ec4fbc0c3', 10),
        (1, '2020-12-11 00:00:00.000000', null, 'ba023615-86c5-43b5-a916-b82be845cc27', 11),
        (2, '2020-12-11 00:00:00.000000', null, '0ebf11a3-788e-4af5-804c-1d85f8a9e4fe', 11),
        (3, '2020-12-11 00:00:00.000000', null, '7d12238b-3fb8-4e50-8174-28e1377ea6fb', 11),
        (4, '2020-12-11 00:00:00.000000', null, '4bb76d68-71e7-47ec-a453-54cb81eac2f3', 11),
        (5, '2020-12-11 00:00:00.000000', null, '06d95752-5470-4e57-b4b2-c704aef5282d', 11),
        (6, '2020-12-11 00:00:00.000000', null, '7d94631a-2670-4db6-aee5-0dc18de91dce', 11),
        (7, '2020-12-11 00:00:00.000000', null, '26c08cfe-deac-44dd-9fc2-419fece2731a', 11),
        (8, '2020-12-11 00:00:00.000000', null, '3ce59ad0-ef31-46d3-b725-3133f38e861a', 11),
        (9, '2020-12-11 00:00:00.000000', null, 'db8f93b7-34a8-46c6-b15b-1562ea8c9d5a', 11),
        (10, '2020-12-11 00:00:00.000000', null, '7c992679-ceed-441c-9a59-b8265792661c', 11),
        (11, '2020-12-11 00:00:00.000000', null, 'c83d972b-bb4f-4982-874e-92c31d42e158', 11),
        (12, '2020-12-11 00:00:00.000000', null, '23872394-bc9f-4d65-bf2c-1a1a324b02fe', 11),
        (13, '2020-12-11 00:00:00.000000', null, 'f5c036f8-33e4-4b3a-ba41-c5be1446ad44', 11),
        (14, '2020-12-11 00:00:00.000000', null, 'fd2c21a6-9a87-4a5b-84b5-a4b0289c3070', 11),
        (15, '2020-12-11 00:00:00.000000', null, '5abafc2d-3d71-481e-adb1-80c3294532ee', 11),
        (1, '2020-12-11 00:00:00.000000', null, '6a34b1e7-5834-4275-a2f7-e22eae6399bf', 12),
        (2, '2020-12-11 00:00:00.000000', null, 'a0b89e8a-7ce5-4304-bd0f-feeff6a19026', 12),
        (3, '2020-12-11 00:00:00.000000', null, '0f14837c-2cd2-4b84-8eef-fc5e4a7181d3', 12),
        (4, '2020-12-11 00:00:00.000000', null, '77150229-11ca-47ad-beff-bcdae717c2db', 12),
        (5, '2020-12-11 00:00:00.000000', null, '2061bf8b-c308-4e5b-85ec-64f2fd8ff85c', 12),
        (6, '2020-12-11 00:00:00.000000', null, 'f9453e42-7868-47a0-9e54-8daf28e869a6', 12),
        (7, '2020-12-11 00:00:00.000000', null, '612bf5c5-8e59-413a-bdc9-100e1574b06d', 12),
        (8, '2020-12-11 00:00:00.000000', null, 'b3af656a-9408-43cc-a1eb-42cd6146611c', 12),
        (9, '2020-12-11 00:00:00.000000', null, '77b8cd77-8334-4b82-b6b7-82b69f8e376e', 12),
        (10, '2020-12-11 00:00:00.000000', null, '7ccd197f-8523-4537-9448-a58894cb9029', 12),
        (11, '2020-12-11 00:00:00.000000', null, '8b7723ae-2d4c-4dcc-8207-df3f19c5163c', 12),
        (12, '2020-12-11 00:00:00.000000', null, '87db35c3-5cb9-43eb-9930-f8a3b0eb6211', 12),
        (13, '2020-12-11 00:00:00.000000', null, '21bb8751-51b0-453a-9858-01935cf627a5', 12),
        (1, '2020-12-11 00:00:00.000000', null, '5d88a820-a73a-4542-979c-8ed37ecca943', 13),
        (2, '2020-12-11 00:00:00.000000', null, 'b2e080a5-8a35-4d3c-b288-30bf92f551e1', 13),
        (3, '2020-12-11 00:00:00.000000', null, '0aaffaac-9e7f-45c2-8c0c-ac067e82eadf', 13),
        (4, '2020-12-11 00:00:00.000000', null, 'f0fc432f-226c-4d62-a840-0b550604db2c', 13),
        (5, '2020-12-11 00:00:00.000000', null, '0b623166-9738-48d9-954f-4fb30e7b6aa4', 13),
        (6, '2020-12-11 00:00:00.000000', null, 'bc16b2c2-5234-47f2-a581-d42b9cda531f', 13),
        (7, '2020-12-11 00:00:00.000000', null, '6618d48e-0622-4536-9e36-cc38185b2ba8', 13),
        (8, '2020-12-11 00:00:00.000000', null, '02f59ce4-b87c-4baf-988c-08b58fc46212', 13),
        (9, '2020-12-11 00:00:00.000000', null, '9b44de4b-de0c-4800-b558-f829b26a57e3', 13),
        (10, '2020-12-11 00:00:00.000000', null, 'f1bf14b4-a482-4b8d-a2b1-cff8d2e4c915', 13),
        (11, '2020-12-11 00:00:00.000000', null, 'a3c7a33b-6a89-4813-a936-8dae713e1102', 13),
        (12, '2020-12-11 00:00:00.000000', null, '49eff73d-8e49-41a6-ac36-908958cb4cb0', 13),
        (13, '2020-12-11 00:00:00.000000', null, '05bbc5e8-34cc-4130-b1a0-63af6d5a43f1', 13),
        (14, '2020-12-11 00:00:00.000000', null, 'a2b6f900-8a88-462a-a087-9c553f9c775c', 13),
        (15, '2020-12-11 00:00:00.000000', null, '8b105217-c11b-45e9-a0c3-efebfa12fcd0', 13),
        (16, '2020-12-11 00:00:00.000000', null, 'c6dc1b7c-8c52-43a8-bcf1-b85d81d85b64', 13),
        (1, '2020-12-11 00:00:00.000000', null, 'b8eeff35-182c-42d6-a7c5-8eb894200475', 14),
        (2, '2020-12-11 00:00:00.000000', null, 'fcde83b2-a3c6-4b7a-b857-48e1c226b4b3', 14),
        (3, '2020-12-11 00:00:00.000000', null, 'd5b97966-167f-4ea1-b6ed-3721de481b7d', 14),
        (4, '2020-12-11 00:00:00.000000', null, 'f5c18b39-a350-4661-bfa1-d8716c3a76ae', 14),
        (5, '2020-12-11 00:00:00.000000', null, '8c215554-5bfd-47c3-bbc5-43460db8b76c', 14),
        (6, '2020-12-11 00:00:00.000000', null, '8b08ad02-dc3f-45e6-8d31-260f5c962fd7', 14),
        (7, '2020-12-11 00:00:00.000000', null, '618e47da-580b-4bcf-a645-272f75f5f21f', 14),
        (8, '2020-12-11 00:00:00.000000', null, '4d7126e3-87e5-4cec-b217-77c750cd4da1', 14),
        (9, '2020-12-11 00:00:00.000000', null, '0e402305-69ee-4b58-86c1-e5d148336c7d', 14),
        (10, '2020-12-11 00:00:00.000000', null, '9228d41c-ef83-4176-aee2-bb42d7d614fb', 14),
        (11, '2020-12-11 00:00:00.000000', null, 'e363bc55-3d3b-4a69-98b6-96c76f4ef0f4', 14),
        (12, '2020-12-11 00:00:00.000000', null, '9e615778-3320-4349-a3e8-280470bce172', 14),
        (13, '2020-12-11 00:00:00.000000', null, '1e913655-1d38-4e82-bb15-ced88d70f750', 14),
        (14, '2020-12-11 00:00:00.000000', null, 'dd1b85ea-7fb6-4907-8a41-44ed69f1fb41', 14),
        (15, '2020-12-11 00:00:00.000000', null, '50edefec-f45b-45ba-b237-b06c08e85e83', 14),
        (16, '2020-12-11 00:00:00.000000', null, '329468c8-76a5-4097-9676-2c44782cf5ac', 14),
        (1, '2020-12-11 00:00:00.000000', null, '82d741e7-ba45-4f05-839a-3715fcbb4273', 15),
        (2, '2020-12-11 00:00:00.000000', null, 'e70a6922-31bd-4d7e-971a-256a99caea10', 15),
        (3, '2020-12-11 00:00:00.000000', null, '0d4f7557-56ee-445d-a789-1cb63ea4b23a', 15),
        (4, '2020-12-11 00:00:00.000000', null, '40639983-bd5d-415b-b24b-b524ca276b0b', 15),
        (5, '2020-12-11 00:00:00.000000', null, 'f294725d-75c8-4c59-8bc1-82342c6947ac', 15),
        (6, '2020-12-11 00:00:00.000000', null, 'b4038f34-72f8-4cc2-a1ca-bc10ef4bfcb8', 15),
        (7, '2020-12-11 00:00:00.000000', null, 'f08032ec-189e-418e-8e25-44bdb30ef398', 15),
        (8, '2020-12-11 00:00:00.000000', null, '52d1a70b-fde0-42e1-b5a0-bf78361f1db1', 15),
        (9, '2020-12-11 00:00:00.000000', null, '33029248-1888-419a-b935-cf05f07b9e87', 15),
        (10, '2020-12-11 00:00:00.000000', null, '88533945-3c77-4ebe-93e5-3b3ecb356515', 15),
        (11, '2020-12-11 00:00:00.000000', null, 'c9f22a6e-922c-4ede-8fd2-aa3f99f1984e', 15),
        (12, '2020-12-11 00:00:00.000000', null, '54750ed0-4478-47cc-9c66-7c4187f8da97', 15),
        (13, '2020-12-11 00:00:00.000000', null, '925c330c-c506-46df-9fe6-a91bcdcc138b', 15),
        (1, '2020-12-11 00:00:00.000000', null, 'feb73183-0088-43a0-976f-b169b422c555', 16),
        (3, '2020-12-11 00:00:00.000000', null, 'bbd8a56b-9256-4d1f-9855-ed0bf39983f0', 16),
        (4, '2020-12-11 00:00:00.000000', null, '7b5f2d74-c47e-47cf-96f1-2faf03a80b2e', 16),
        (5, '2020-12-11 00:00:00.000000', null, '75001a9b-b554-4caa-932f-d4b8ba1df7dc', 16),
        (6, '2020-12-11 00:00:00.000000', null, '7449675c-ee29-4b07-8feb-5edf3a802d79', 16),
        (7, '2020-12-11 00:00:00.000000', null, '1f2755f0-aa00-4478-bea9-65a73c3a8122', 16),
        (8, '2020-12-11 00:00:00.000000', null, '0059e021-09fb-4340-a019-179e8b0a6e01', 16),
        (9, '2020-12-11 00:00:00.000000', null, 'bdf43de4-163d-4192-a7fb-62424f780e76', 16),
        (10, '2020-12-11 00:00:00.000000', null, '2e13da8e-d286-4dd1-ab3e-9fcf0d05a5b8', 16),
        (11, '2020-12-11 00:00:00.000000', null, 'dd02db01-faad-4af3-8ac7-d5537a420d69', 16),
        (12, '2020-12-11 00:00:00.000000', null, 'f61c09f5-4f47-4ec6-a25a-f04e3a5dc208', 16),
        (13, '2020-12-11 00:00:00.000000', null, '0de23510-dbbe-4a82-83c3-34af92119254', 16),
        (14, '2020-12-11 00:00:00.000000', null, '183688fa-7667-48b5-a62f-0d9e2e5ee173', 16),
        (15, '2020-12-11 00:00:00.000000', null, '524c0de9-2b27-4ff1-995c-f925dfb9eec3', 16),
        (16, '2020-12-11 00:00:00.000000', null, 'bcf526c8-8bb1-4836-8a1b-7e3515b4a652', 16),
        (1, '2020-12-11 00:00:00.000000', null, '872de2ca-b011-452d-b551-4c15b9d5d1f6', 17),
        (2, '2020-12-11 00:00:00.000000', null, 'ee902a57-f0fa-40d6-b0fe-50fc8e5a9193', 17),
        (3, '2020-12-11 00:00:00.000000', null, '3f0a794f-d495-435e-bec2-fbb19f67cf2c', 17),
        (4, '2020-12-11 00:00:00.000000', null, '3222e6ca-611e-4445-b141-8446e1c0733a', 17),
        (5, '2020-12-11 00:00:00.000000', null, '99fa75d4-4b54-412f-9115-29e780006ab8', 17),
        (6, '2020-12-11 00:00:00.000000', null, 'c97ef3aa-10bf-4d0c-9443-944e0bfb5619', 17),
        (7, '2020-12-11 00:00:00.000000', null, 'b5eaa273-3c47-4f96-a176-2db490a477e0', 17),
        (8, '2020-12-11 00:00:00.000000', null, 'b979d0e7-0f93-43f4-b7e3-5f04616ec3c4', 17),
        (9, '2020-12-11 00:00:00.000000', null, '9376763e-688a-4818-9f01-1ed79811823f', 17),
        (10, '2020-12-11 00:00:00.000000', null, 'cb2815d0-f4a2-44d1-990d-1ae58b4b2f4b', 17),
        (12, '2020-12-11 00:00:00.000000', null, '01b9b021-674b-41f9-aa09-e0effb17a7f3', 17),
        (1, '2020-12-11 00:00:00.000000', null, '21774589-87d5-4489-92fd-b5a99c11a28c', 18),
        (2, '2020-12-11 00:00:00.000000', null, '80d9309e-44e1-4dd1-9c2c-d567b48e68e7', 18),
        (3, '2020-12-11 00:00:00.000000', null, '4230eed1-329d-49fc-8471-5b901de41f63', 18),
        (4, '2020-12-11 00:00:00.000000', null, 'cc7b4b30-c44e-4e14-8455-c18860f53422', 18),
        (5, '2020-12-11 00:00:00.000000', null, 'c7d2b3fe-dcce-4ebe-96ac-788200eaeca3', 18),
        (6, '2020-12-11 00:00:00.000000', null, 'c4cc4a5c-37d9-4d6b-b22b-f0e65456e3fe', 18),
        (7, '2020-12-11 00:00:00.000000', null, '92233b94-ae6e-4588-9eb1-32a9ce1d2929', 18),
        (8, '2020-12-11 00:00:00.000000', null, 'd3375221-d2f2-42aa-b372-af3236d70b72', 18),
        (9, '2020-12-11 00:00:00.000000', null, '999e7a26-a52f-4101-82b6-68a7d46ed0db', 18),
        (10, '2020-12-11 00:00:00.000000', null, '06b90d03-90bf-4a14-9631-43aec05be888', 18),
        (11, '2020-12-11 00:00:00.000000', null, '24abfa3c-b756-4858-af0f-385ab436cb14', 18),
        (12, '2020-12-11 00:00:00.000000', null, 'bbb0a8b7-f701-490f-b468-095d37477eb3', 18),
        (1, '2020-12-11 00:00:00.000000', null, 'c1446a5f-6670-4923-ba8a-e09f02a316f2', 19),
        (2, '2020-12-11 00:00:00.000000', null, 'c8333e9d-c69f-447b-b973-58acb6ad385b', 19),
        (3, '2020-12-11 00:00:00.000000', null, '1f29fe75-b09b-4461-b98c-70646c5ccfe1', 19),
        (4, '2020-12-11 00:00:00.000000', null, 'e4d127ef-d6e3-4537-b931-6dfc7d7f98fb', 19),
        (5, '2020-12-11 00:00:00.000000', null, '6cac64ba-b57f-4001-ae88-44a1332a34ff', 19),
        (6, '2020-12-11 00:00:00.000000', null, '3d1e1125-b645-430f-8d08-7bddbb9d3fc6', 19),
        (7, '2020-12-11 00:00:00.000000', null, '2a777637-d8d6-47a1-8ce5-263036f1895d', 19),
        (8, '2020-12-11 00:00:00.000000', null, 'b376853f-de3e-428f-99e6-5c6b3d75a803', 19),
        (1, '2020-12-11 00:00:00.000000', null, '3cf13f20-0e9b-4caa-9ed0-1d2ad2a13e4c', 20),
        (2, '2020-12-11 00:00:00.000000', null, '496d3b0a-2d71-425f-a11b-1daf1f49d050', 20),
        (3, '2020-12-11 00:00:00.000000', null, '81ec06ec-ec3d-4400-86fd-261ea41bb6c2', 20),
        (4, '2020-12-11 00:00:00.000000', null, 'db285da6-2f42-439a-a317-9b308e2c1377', 20),
        (5, '2020-12-11 00:00:00.000000', null, '7b6d6e7b-4fb0-4842-ae35-fda09c4a1684', 20),
        (6, '2020-12-11 00:00:00.000000', null, 'e64f4062-6aa3-4137-ad41-57f1f0301e6e', 20),
        (7, '2020-12-11 00:00:00.000000', null, '9153208e-30e7-4248-ba3a-92ba5d50aa8e', 20),
        (8, '2020-12-11 00:00:00.000000', null, '903b6b94-4a06-45a8-8c84-7f5d4e78dfd5', 20),
        (9, '2020-12-11 00:00:00.000000', null, '4447f1e3-54a6-4ce3-95af-e7dbee0a2081', 20),
        (1, '2020-12-11 00:00:00.000000', null, '4a2da531-8c51-40cb-819b-b7bc1a945678', 21),
        (2, '2020-12-11 00:00:00.000000', null, 'd8aa11b6-0e6f-4453-a1e0-c2a206de0d4f', 21),
        (3, '2020-12-11 00:00:00.000000', null, 'd51308e6-d069-45e5-b950-9e935cbecfb4', 21),
        (5, '2020-12-11 00:00:00.000000', null, '8bd4ee13-9e23-41cf-8228-343a624595b1', 21),
        (6, '2020-12-11 00:00:00.000000', null, '66ef6330-217e-4c9d-b745-7bbb6c92cbce', 21),
        (7, '2020-12-11 00:00:00.000000', null, '8209c68b-fd5c-4173-9e59-2bae294ff6ac', 21),
        (8, '2020-12-11 00:00:00.000000', null, 'b92c031c-3901-4bab-8f38-892857e586de', 21),
        (9, '2020-12-11 00:00:00.000000', null, '924a1e76-8ce7-4af1-a62a-3e2f309ff9db', 21),
        (10, '2020-12-11 00:00:00.000000', null, '15c50435-ba7c-4ea4-ae3a-7d0bfdeea15a', 21),
        (11, '2020-12-11 00:00:00.000000', null, '61295936-2e33-4145-a3e9-241d1473f08b', 21),
        (12, '2020-12-11 00:00:00.000000', null, '4a057240-f644-4aaa-9bfa-a848983953b2', 21),
        (1, '2020-12-11 00:00:00.000000', null, '1901323f-d815-4817-a5e2-1c82161d1c2d', 22),
        (2, '2020-12-11 00:00:00.000000', null, '403e18a3-1872-4ffc-8fe3-16d8e5b47af7', 22),
        (3, '2020-12-11 00:00:00.000000', null, 'd6eab2dd-18fc-4b48-918e-ed098fb56f2b', 22),
        (4, '2020-12-11 00:00:00.000000', null, '1543fd61-f9a2-4412-941b-2c95d62f675f', 22),
        (5, '2020-12-11 00:00:00.000000', null, 'ca3bf264-6e92-4a95-b443-7d6a61810d75', 22),
        (6, '2020-12-11 00:00:00.000000', null, '6b570a68-e6dd-4aec-96cc-fbe4ed56764f', 22),
        (7, '2020-12-11 00:00:00.000000', null, 'b29caa1d-a88d-4a39-ad0c-83eb9962034a', 22),
        (8, '2020-12-11 00:00:00.000000', null, '173fcbd5-fba9-450d-b27d-0de3f3f9d3b3', 22),
        (9, '2020-12-11 00:00:00.000000', null, 'c5da8ab5-4430-4294-802b-1e6970abf9ee', 22),
        (10, '2020-12-11 00:00:00.000000', null, '81963f60-b314-485d-b693-9f4a456b7466', 22),
        (1, '2020-12-11 00:00:00.000000', null, '9120d71a-0b80-4bcb-88f8-c9e499cb7555', 23),
        (2, '2020-12-11 00:00:00.000000', null, '7aa04bf3-70bf-4f50-b578-f3a53b02748a', 23),
        (3, '2020-12-11 00:00:00.000000', null, '5e646df0-3af0-4e2b-b3f4-b1435c3df845', 23),
        (4, '2020-12-11 00:00:00.000000', null, 'f638f294-8290-46aa-9fda-3088939f957b', 23),
        (5, '2020-12-11 00:00:00.000000', null, '9fbf3f82-0ea6-4b5e-9ba9-50e4bad1c8e3', 23),
        (6, '2020-12-11 00:00:00.000000', null, '2ee691bf-fb0d-4182-bdfe-742847770753', 23),
        (7, '2020-12-11 00:00:00.000000', null, 'be103747-1217-444e-87a0-cbfaae0ec139', 23),
        (8, '2020-12-11 00:00:00.000000', null, '9110f42f-df0b-4a0b-9431-b7d17d44bb2d', 23),
        (1, '2020-12-11 00:00:00.000000', null, '2935479f-e852-4e4a-aa40-263400fd18e2', 24),
        (2, '2020-12-11 00:00:00.000000', null, 'a1a446cc-2bae-48a1-b45f-0bba40ce7244', 24),
        (3, '2020-12-11 00:00:00.000000', null, '38556522-0816-40f5-b352-26ad11385ba3', 24),
        (4, '2020-12-11 00:00:00.000000', null, '7e3d93ae-2e16-4422-a870-7bc6722aa7aa', 24),
        (6, '2020-12-11 00:00:00.000000', null, 'bda993de-b26e-489a-adb0-97e1fcceffbd', 24),
        (7, '2020-12-11 00:00:00.000000', null, '7e56f77d-a711-46b7-8282-3acd0da3b370', 24),
        (8, '2020-12-11 00:00:00.000000', null, 'e876f0d1-ada4-43c0-be95-c8d6c1335154', 24),
        (9, '2020-12-11 00:00:00.000000', null, '9561084e-8258-4025-8b94-4c708d87d37c', 24),
        (1, '2020-12-11 00:00:00.000000', null, 'd9a2332a-e7cc-4c7d-9cf1-2d0c2e41d2d0', 25),
        (2, '2020-12-11 00:00:00.000000', null, '72c7000a-40a2-4a58-9cac-0c3e3aa99adf', 25),
        (3, '2020-12-11 00:00:00.000000', null, 'c46a3af0-865a-4b2b-8fd3-bfed90b43a7e', 25),
        (4, '2020-12-11 00:00:00.000000', null, '447797f6-9d17-41f3-8668-0f3b0ecf5680', 25),
        (5, '2020-12-11 00:00:00.000000', null, '46fb5c00-848b-487c-9317-062c50c02fac', 25),
        (6, '2020-12-11 00:00:00.000000', null, 'a0e6a329-3c84-46c0-9f03-e364c6e531a1', 25),
        (7, '2020-12-11 00:00:00.000000', null, '9bc67f03-3a21-4d44-8cb1-603afeccec21', 25),
        (8, '2020-12-11 00:00:00.000000', null, '381938f6-a855-4c13-a840-4f8a038df028', 25),
        (9, '2020-12-11 00:00:00.000000', null, '4896922f-b3f9-4a60-b87e-032912ed05ac', 25),
        (10, '2020-12-11 00:00:00.000000', null, '1c8175e7-92db-421c-8b46-971a7a902d67', 25),
        (11, '2020-12-11 00:00:00.000000', null, '145e9d34-2e79-460d-a22d-461c46bb822a', 25),
        (12, '2020-12-11 00:00:00.000000', null, '62599a7f-2b9b-42ab-b571-e1625bf502d2', 25),
        (13, '2020-12-11 00:00:00.000000', null, '8aa04025-c8b1-4721-ac38-2add0024c6e4', 25),
        (1, '2020-12-11 00:00:00.000000', null, '0f0ce103-a31f-4a09-ab26-8ed730b8cc64', 26),
        (2, '2020-12-11 00:00:00.000000', null, '16c78dd7-1073-4128-bcc5-848783304ba1', 26),
        (3, '2020-12-11 00:00:00.000000', null, '09a041a3-d9b5-49f3-b7b2-c103ac11ae72', 26),
        (4, '2020-12-11 00:00:00.000000', null, '02e96f5d-07ec-4c9c-972a-719de159ddde', 26),
        (5, '2020-12-11 00:00:00.000000', null, 'f44f5668-8492-41c4-b04a-c420b232d468', 26),
        (6, '2020-12-11 00:00:00.000000', null, '4615d45a-0908-4319-a4d8-09396ed046e8', 26),
        (7, '2020-12-11 00:00:00.000000', null, '15b440ce-ca95-49dd-99ba-f5c65b816a8f', 26),
        (8, '2020-12-11 00:00:00.000000', null, 'd30969a4-c4ac-4b8c-8e75-e5572e353b68', 26),
        (9, '2020-12-11 00:00:00.000000', null, '255ae1ec-a84d-49c9-9615-585181dd27c9', 26),
        (1, '2020-12-11 00:00:00.000000', null, '804824da-8854-4f9c-8d0d-212f250c2f88', 27),
        (3, '2020-12-11 00:00:00.000000', null, '397a3605-1857-49e0-9b8e-21faba0083d3', 27),
        (4, '2020-12-11 00:00:00.000000', null, '7415d5ec-be24-4e39-9db1-93c93de5c64d', 27),
        (5, '2020-12-11 00:00:00.000000', null, 'b9856614-5c98-40b2-aa68-0296703c88f5', 27),
        (6, '2020-12-11 00:00:00.000000', null, 'a9dfab3e-fd03-46d6-90a5-07644e9039bb', 27),
        (7, '2020-12-11 00:00:00.000000', null, '1d2653d4-3182-4a6b-a3cb-189eb5bb0cc7', 27),
        (8, '2020-12-11 00:00:00.000000', null, '3de7c0fc-c7b5-4bd6-b2f2-8c006f129e45', 27),
        (9, '2020-12-11 00:00:00.000000', null, '27162356-b3e5-47b8-ab9d-b8e9f4cac5a6', 27),
        (10, '2020-12-11 00:00:00.000000', null, '39e575a9-9630-43e8-ba58-cd9637d28734', 27),
        (11, '2020-12-11 00:00:00.000000', null, 'ba531044-9324-45cc-9b60-8cf2db28cfe7', 27),
        (12, '2020-12-11 00:00:00.000000', null, 'd0879b71-e028-490c-a999-4aebce8025d5', 27),
        (13, '2020-12-11 00:00:00.000000', null, '4e2b5b12-a8ea-4ff1-8072-2175e3849f38', 27),
        (1, '2020-12-11 00:00:00.000000', null, 'e65cfcea-2acf-40d8-9b80-8f7a661070bd', 28),
        (2, '2020-12-11 00:00:00.000000', null, '8f80f01f-ec5c-41e7-8b02-1590bf3b80ea', 28),
        (3, '2020-12-11 00:00:00.000000', null, 'ef8c6b57-ecb7-4c0c-b7d5-db4b1034c8ce', 28),
        (4, '2020-12-11 00:00:00.000000', null, 'dd9d1d5e-8e2e-4e33-a2be-533224e37774', 28),
        (5, '2020-12-11 00:00:00.000000', null, '779f9b98-9afe-4a01-95fb-e1432dbd9f19', 28),
        (6, '2020-12-11 00:00:00.000000', null, '10e2f73d-b501-4ac9-be6d-d8e8ad5439d7', 28),
        (7, '2020-12-11 00:00:00.000000', null, '2088212d-3832-43b4-b6b5-1d2e70a8a065', 28),
        (8, '2020-12-11 00:00:00.000000', null, '9efd9e78-f82b-4dfa-9a75-7b5c07c44299', 28),
        (9, '2020-12-11 00:00:00.000000', null, '26dae747-cb04-43ba-b27f-ea901eca64b7', 28),
        (10, '2020-12-11 00:00:00.000000', null, '7b9e9d8e-9f8f-4979-bf1b-6e8ecd42e17d', 28),
        (11, '2020-12-11 00:00:00.000000', null, '135db2e9-be4c-4770-b3bf-edbb2d9b471b', 28),
        (12, '2020-12-11 00:00:00.000000', null, 'df5df1e0-c10e-4e3e-bc29-1f0fe8930f73', 28),
        (13, '2020-12-11 00:00:00.000000', null, '7434bad1-a75e-422e-81e4-0465c8de02e2', 28),
        (1, '2020-12-11 00:00:00.000000', null, 'f61c0f27-1446-47ce-8d46-ab475fb2e1f6', 29),
        (2, '2020-12-11 00:00:00.000000', null, '87e63d65-1e4f-44d2-acfd-c22f8b43ff1d', 29),
        (3, '2020-12-11 00:00:00.000000', null, 'f74c4261-d086-45f8-8514-e59542aa40de', 29),
        (4, '2020-12-11 00:00:00.000000', null, '11d3266d-ee10-47ff-8d58-c52d8eaa0a04', 29),
        (6, '2020-12-11 00:00:00.000000', null, '8eae5318-fa3f-4479-bfad-e764cbfc4ca1', 29),
        (7, '2020-12-11 00:00:00.000000', null, '09f7c51b-579e-47fc-b97b-a9f74e586b54', 29),
        (8, '2020-12-11 00:00:00.000000', null, '834642ed-70fa-4390-bb59-90a4e68da87e', 29),
        (9, '2020-12-11 00:00:00.000000', null, '86c74428-fcb9-4131-9799-5b49f3d4d6b7', 29),
        (10, '2020-12-11 00:00:00.000000', null, 'a4562622-9c16-4ab0-8867-80c01448161c', 29),
        (11, '2020-12-11 00:00:00.000000', null, 'd35c7d5a-e9c5-4504-a0cc-0c7871253baa', 29),
        (1, '2020-12-11 00:00:00.000000', null, '9ac83646-8524-4411-8c98-5125499b23eb', 30),
        (2, '2020-12-11 00:00:00.000000', null, '836cb232-b47b-4597-96f4-31141ece9451', 30),
        (3, '2020-12-11 00:00:00.000000', null, '2a096d16-7691-48aa-99df-d3932a48a3e6', 30),
        (4, '2020-12-11 00:00:00.000000', null, 'd71b69fc-01f9-40d4-a4bb-6bf691613cdf', 30),
        (5, '2020-12-11 00:00:00.000000', null, 'c84b3b88-dc61-42bf-a48f-b5e05bb34d42', 30),
        (6, '2020-12-11 00:00:00.000000', null, '2209910a-8d1c-4eab-90f2-e03fdae8924a', 30),
        (7, '2020-12-11 00:00:00.000000', null, 'f2f7775f-7cb2-4fe6-ac4b-1378cdda1624', 30),
        (8, '2020-12-11 00:00:00.000000', null, 'aa6c4371-93dc-4c9d-ab9d-f3817cf8408c', 30),
        (9, '2020-12-11 00:00:00.000000', null, 'c3f47c2a-c17e-40a7-a117-b4bb0d0609cf', 30),
        (10, '2020-12-11 00:00:00.000000', null, '3c8eacd5-4234-416c-943c-60cbec71c0a7', 30),
        (11, '2020-12-11 00:00:00.000000', null, 'e4e70c23-aee3-4941-9ad4-9448f65e0cc8', 30),
        (12, '2020-12-11 00:00:00.000000', null, '43d46bad-6f7f-4fe6-9172-a5ca79403e4f', 30),
        (13, '2020-12-11 00:00:00.000000', null, 'c74344be-5f1f-4e40-ae44-e37d50c2c699', 30),
        (14, '2020-12-11 00:00:00.000000', null, 'bfeda5ee-2dd2-4ad0-a824-46af359bb31e', 30),
        (15, '2020-12-11 00:00:00.000000', null, 'eec1b1cc-e45a-455e-a509-0ec21352cf13', 30),
        (16, '2020-12-11 00:00:00.000000', null, 'd2fc8a78-f12d-4859-9ab3-611fa87b937e', 30),
        (17, '2020-12-11 00:00:00.000000', null, '805f1f62-2046-4df4-8f27-524f4a141dc5', 30),
        (1, '2020-12-11 00:00:00.000000', null, 'd8f302c2-0f12-47c8-bf22-cfb16ea61099', 31),
        (2, '2020-12-11 00:00:00.000000', null, 'c2cfdba3-0906-4e54-8360-2167d9e452b6', 31),
        (3, '2020-12-11 00:00:00.000000', null, '4a520af6-21f7-4ed6-8e73-a6114d73c2f2', 31),
        (4, '2020-12-11 00:00:00.000000', null, '50d10b03-fcc3-4841-861d-d572a5a1f6fd', 31),
        (5, '2020-12-11 00:00:00.000000', null, '1242988c-2059-4d41-b0f6-36cb4b2d5c80', 31),
        (6, '2020-12-11 00:00:00.000000', null, '2ebfdb17-7ec3-4adb-901a-dc5cd03d7c3f', 31),
        (8, '2020-12-11 00:00:00.000000', null, '24e71be9-79ca-4bab-bbbc-731a320a2989', 31),
        (9, '2020-12-11 00:00:00.000000', null, '1984481e-73d3-4d79-a9f6-d315b214c997', 31),
        (10, '2020-12-11 00:00:00.000000', null, 'c909f2a7-bdc2-470f-9df9-599935d8a040', 31),
        (11, '2020-12-11 00:00:00.000000', null, '5a7368f0-75e8-494e-ba81-036fda5d26aa', 31),
        (1, '2020-12-11 00:00:00.000000', null, '0b009c3c-9545-421a-ba4f-8156a70ab3b5', 32),
        (2, '2020-12-11 00:00:00.000000', null, '744dc227-3ca0-43ad-ade1-333a5875158d', 32),
        (3, '2020-12-11 00:00:00.000000', null, '56e86392-9dfe-453d-bb82-0a8df393cbc6', 32),
        (4, '2020-12-11 00:00:00.000000', null, 'e1fc3223-3168-43b4-8f33-3a3a756c1941', 32),
        (5, '2020-12-11 00:00:00.000000', null, '4aebee84-6454-4f27-8a75-141a31260f83', 32),
        (6, '2020-12-11 00:00:00.000000', null, '89043f1c-20b9-4d0d-a63e-2ea4c8df0660', 32),
        (7, '2020-12-11 00:00:00.000000', null, '5c338d05-f8ad-4074-9e3d-4d37aa9f61ef', 32),
        (8, '2020-12-11 00:00:00.000000', null, 'd26f921d-1b74-41cd-ab18-18ce825aca6a', 32),
        (1, '2020-12-11 00:00:00.000000', null, 'feb5d198-fe38-468f-8cde-5cfd952beac3', 33),
        (2, '2020-12-11 00:00:00.000000', null, '742856d6-0d69-416d-92a1-d43c792ce97e', 33),
        (3, '2020-12-11 00:00:00.000000', null, 'b5c88059-8cfe-451c-bfea-6d626def251b', 33),
        (4, '2020-12-11 00:00:00.000000', null, 'b6525c79-4a02-4b7f-9235-b5c8811ad573', 33),
        (5, '2020-12-11 00:00:00.000000', null, '0316bbf7-b262-4d05-ba4b-f1416b440e8b', 33),
        (6, '2020-12-11 00:00:00.000000', null, '0f4e78d2-94ee-42d3-b575-c635167cd432', 33),
        (7, '2020-12-11 00:00:00.000000', null, 'b1afa635-c0c4-4ae2-94d5-e926891abd9e', 33),
        (8, '2020-12-11 00:00:00.000000', null, '42408dce-eb7d-49f5-8ad0-c21b12c2538c', 33),
        (9, '2020-12-11 00:00:00.000000', null, '96cb6d2c-07bb-4508-8966-b461863da7fb', 33),
        (1, '2020-12-11 00:00:00.000000', null, '7fe4404b-e55d-4832-a2ac-80ffbdbca147', 34),
        (2, '2020-12-11 00:00:00.000000', null, 'befb685c-4f74-4342-b33f-1c722ce8d977', 34),
        (3, '2020-12-11 00:00:00.000000', null, '556c403a-87f5-4fb1-8e77-a1a8789d5521', 34),
        (4, '2020-12-11 00:00:00.000000', null, '7c459481-265f-4251-8181-51a0a5cfb514', 34),
        (5, '2020-12-11 00:00:00.000000', null, 'b6864cc3-618f-4eea-827c-2bc54b8ce6be', 34),
        (6, '2020-12-11 00:00:00.000000', null, 'a9747c75-fda3-447e-bae5-826962689f35', 34),
        (7, '2020-12-11 00:00:00.000000', null, '33f5333f-8040-46e3-b1af-a385433d7957', 34),
        (8, '2020-12-11 00:00:00.000000', null, 'fc064aff-7023-46ef-afa4-9f2860e79e3f', 34),
        (9, '2020-12-11 00:00:00.000000', null, 'edfb7cb6-2a20-4165-a835-985c5dc3f2a0', 35),
        (1, '2020-12-11 00:00:00.000000', null, '98294811-4ff5-4d68-89ee-59e9d96bf3d4', 35),
        (2, '2020-12-11 00:00:00.000000', null, '6e48d267-2b78-4e4f-81c3-e593f83ffc16', 35),
        (4, '2020-12-11 00:00:00.000000', null, 'ad59a199-2ed9-49e2-a835-164c82f07bf9', 35),
        (5, '2020-12-11 00:00:00.000000', null, 'bb09fd92-2c31-4769-88c5-b1ee725da255', 35),
        (6, '2020-12-11 00:00:00.000000', null, '42bd9836-fdcb-4140-8167-a6f763d2c15c', 35),
        (7, '2020-12-11 00:00:00.000000', null, '8cd38d11-73a4-4528-81a0-c41de84c135d', 35),
        (8, '2020-12-11 00:00:00.000000', null, 'e2b12c10-e9cd-4d2a-ba76-ccc7e4465ec4', 35),
        (9, '2020-12-11 00:00:00.000000', null, 'df32cf0f-f6f3-44a1-95ab-56be4ee3c086', 35),
        (10, '2020-12-11 00:00:00.000000', null, 'f1b1ec90-f0f2-4f45-9884-e67a5c7a6ebd', 35),
        (11, '2020-12-11 00:00:00.000000', null, 'eecdeddb-4a1f-4e59-9552-a33d39ab8dbe', 35),
        (12, '2020-12-11 00:00:00.000000', null, 'dd78c42f-f69c-450a-9ce7-661c914ddfd4', 35),
        (1, '2020-12-11 00:00:00.000000', null, '40a40bac-958e-4a53-980d-cb9b66291375', 36),
        (2, '2020-12-11 00:00:00.000000', null, '228b465a-35b6-41d9-931a-5d845e1c0423', 36),
        (3, '2020-12-11 00:00:00.000000', null, '8dc09f95-6954-4276-9a72-83a749ba480e', 36),
        (4, '2020-12-11 00:00:00.000000', null, '96658fe5-23c1-4c51-a43f-7f17d3274c44', 36),
        (5, '2020-12-11 00:00:00.000000', null, '6e716cf2-efd8-4102-99d0-6e15ed7865cd', 36),
        (6, '2020-12-11 00:00:00.000000', null, 'e727d744-36f6-43c7-8dbc-6601d88d34b8', 36),
        (7, '2020-12-11 00:00:00.000000', null, 'eb7e4100-5d34-4667-8040-8e27126f1a30', 36),
        (8, '2020-12-11 00:00:00.000000', null, '750e4866-f871-4c45-81e6-a0f25e0f9480', 36),
        (1, '2020-12-11 00:00:00.000000', null, '9878c3b7-b2e6-4388-9233-899116419ca0', 37),
        (2, '2020-12-11 00:00:00.000000', null, '6af4deeb-107f-468a-a1da-253491e59da8', 37),
        (3, '2020-12-11 00:00:00.000000', null, 'd8524123-0cea-4382-bc77-49ad69ca9abe', 37),
        (4, '2020-12-11 00:00:00.000000', null, '8f7086c5-41c7-4402-ac73-8679ea354c13', 37),
        (5, '2020-12-11 00:00:00.000000', null, 'bef3d511-a5ae-4f2d-aba9-49cc16db270b', 37),
        (6, '2020-12-11 00:00:00.000000', null, '70f9a335-7073-49d2-8437-e88e82f9831b', 37),
        (7, '2020-12-11 00:00:00.000000', null, '83fd4cdc-bcff-40dc-97cc-b833b672f52c', 37),
        (8, '2020-12-11 00:00:00.000000', null, '58122d53-d3d3-4294-a156-73e58beaf61d', 37),
        (9, '2020-12-11 00:00:00.000000', null, '34934f7f-7cb7-44a6-9add-da76d032fbb3', 37),
        (10, '2020-12-11 00:00:00.000000', null, 'e6c87ef9-5c5a-456b-b3a3-a80a98c99ade', 37),
        (11, '2020-12-11 00:00:00.000000', null, '55d0ad68-798e-4ce6-9de2-d555398a3fa6', 37),
        (1, '2020-12-11 00:00:00.000000', null, '32cbeb56-d6aa-422e-a406-4cf55fa9972c', 39),
        (2, '2020-12-11 00:00:00.000000', null, 'c00d77fb-8daf-44cc-b19e-fbed97d38b82', 39),
        (3, '2020-12-11 00:00:00.000000', null, 'a281c87e-827d-4635-aab4-1f4968ffd517', 39),
        (4, '2020-12-11 00:00:00.000000', null, 'fc925d20-d9f5-432d-9259-75f53aaeb726', 39),
        (5, '2020-12-11 00:00:00.000000', null, '39ed43b5-e75b-4366-ae7a-3e5ec897f0fc', 39),
        (6, '2020-12-11 00:00:00.000000', null, '9ea0a88c-56e7-40e4-807d-50e2db585bfa', 39),
        (7, '2020-12-11 00:00:00.000000', null, 'ea260be8-2a3a-4fc6-9333-505b4b8ca8d0', 39),
        (8, '2020-12-11 00:00:00.000000', null, 'e8c6c3a0-7608-44ad-ade2-1665cef5153c', 39),
        (11, '2020-12-11 00:00:00.000000', null, '2c77be77-a777-4417-98e2-524550de6b23', 39),
        (12, '2020-12-11 00:00:00.000000', null, '91929ba9-908f-4b06-a2b5-ef9c5216c0f7', 39),
        (13, '2020-12-11 00:00:00.000000', null, 'a9774853-971b-488a-b378-5fae369dc749', 39),
        (14, '2020-12-11 00:00:00.000000', null, '2d51de9f-f62e-489f-a7ba-a257d5bce14e', 39),
        (15, '2020-12-11 00:00:00.000000', null, '763d9018-c64c-4b1a-9113-68d1faff65e1', 39),
        (1, '2020-12-11 00:00:00.000000', null, '01179976-31f7-4651-b136-455a69678567', 40),
        (2, '2020-12-11 00:00:00.000000', null, '226f0dab-5b9c-41f2-a25c-e143e527f85e', 40),
        (3, '2020-12-11 00:00:00.000000', null, '481f0822-3c3c-4551-a128-54b03a7a42a8', 40),
        (4, '2020-12-11 00:00:00.000000', null, 'b735f984-c365-4553-94fd-fe3a155254df', 40),
        (5, '2020-12-11 00:00:00.000000', null, '63a9d2ee-1827-47e6-a4d0-5056b52e9da9', 40),
        (6, '2020-12-11 00:00:00.000000', null, 'e843685d-99b0-4797-b784-683e9512cb47', 40),
        (7, '2020-12-11 00:00:00.000000', null, '6a1ea8ab-1550-4991-902d-7f31a3d4bb32', 40),
        (8, '2020-12-11 00:00:00.000000', null, 'f0dbbb98-1e8c-44ee-b263-71629d30e11c', 40),
        (9, '2020-12-11 00:00:00.000000', null, '60d49da4-894a-490d-a097-13057e4acd5c', 40),
        (10, '2020-12-11 00:00:00.000000', null, 'd001b6c8-9472-48f5-a2c2-a45121a75ce2', 40),
        (11, '2020-12-11 00:00:00.000000', null, 'ebd91378-6624-4389-aa3e-f29221db1329', 40),
        (12, '2020-12-11 00:00:00.000000', null, 'f4c1fb3a-8a47-4535-ad59-7520eb8b5dd9', 40),
        (13, '2020-12-11 00:00:00.000000', null, '9d7d3d55-c762-4fbb-a202-fa1f311cf241', 40),
        (1, '2020-12-11 00:00:00.000000', null, '8fef0819-6f4f-42e8-bcdc-d2eaf093a0d2', 41),
        (2, '2020-12-11 00:00:00.000000', null, '37923ba4-2cc9-4ac6-b851-8b7c7dbf76b6', 41),
        (3, '2020-12-11 00:00:00.000000', null, '0b613a54-e59f-4c01-892b-57d17f0c68b9', 41),
        (4, '2020-12-11 00:00:00.000000', null, 'cab67f39-e93e-46bd-ab81-92dccd733ed1', 41),
        (5, '2020-12-11 00:00:00.000000', null, 'bf4f3502-a0f1-455a-b871-731d0bbebf58', 41),
        (6, '2020-12-11 00:00:00.000000', null, '6feb7a7c-659e-4b62-aeb6-c94a56ca0757', 41),
        (7, '2020-12-11 00:00:00.000000', null, 'f0bd34c9-1645-486f-8321-52a3ee5b0192', 41),
        (8, '2020-12-11 00:00:00.000000', null, '453de19b-3152-47a2-8416-5dbe67d68087', 41),
        (7, '2020-12-11 00:00:00.000000', '2020-12-11 00:00:00.000000', 'ace779c9-d8e7-4e4f-94fc-52a39611db94', 31),
        (5, '2020-12-11 00:00:00.000000', '2020-12-11 00:00:00.000000', '1bbaf20b-9720-4df4-a8b8-ff0f53d64004', 29),
        (4, '2020-12-11 00:00:00.000000', '2020-12-11 00:00:00.000000', '662ced03-0804-4435-ba56-51ba1acaeab4', 21),
        (2, '2020-12-11 00:00:00.000000', '2020-12-11 00:00:00.000000', '9b24e858-8e21-4743-bcf6-ff34f8e2e384', 16),
        (2, '2020-12-11 00:00:00.000000', '2020-12-11 00:00:00.000000', '7d6e721d-9b35-44ce-9e3d-1c6b977a47c3', 27),
        (5, '2020-12-11 00:00:00.000000', '2020-12-11 00:00:00.000000', '71826c0e-d154-48fe-9b33-1f0c21208388', 24),
        (3, '2020-12-11 00:00:00.000000', '2020-12-11 00:00:00.000000', '832b5dc2-66fe-4636-b5a2-eb31cc1b5b23', 35),
        (11, '2020-12-11 00:00:00.000000', '2020-12-11 00:00:00.000000', 'a7503457-a568-41e0-8a63-eb27ef28a608', 17),
        (9, '2020-12-11 00:00:00.000000', '2020-11-25 11:04:05.000000', '2f7bdaa7-dfa8-4bec-8f8a-eb94def1b431', 39),
        (10, '2020-12-11 00:00:00.000000', '2020-12-11 00:00:00.000000', '289a7dca-7a1a-47d5-9b26-aa36ace0dae1', 39),
        (1, '2020-12-07 00:00:00.000000', '2020-11-24 16:52:32.000000', '04742101-99cd-414b-9dda-5abc44c285b0', 2);

--federation_licence_player
insert into public.federation_licence_player (licencenumber, playeruid, federationid)
values  ('89744', '6feb7a7c-659e-4b62-aeb6-c94a56ca0757', 1),
        ('25616', '453de19b-3152-47a2-8416-5dbe67d68087', 1),
        ('62802', 'bf4f3502-a0f1-455a-b871-731d0bbebf58', 1),
        ('11111', 'cab67f39-e93e-46bd-ab81-92dccd733ed1', 1),
        ('40094', 'f0bd34c9-1645-486f-8321-52a3ee5b0192', 1),
        ('25681', '04742101-99cd-414b-9dda-5abc44c285b0', 1),
        ('94693', 'da8c05e7-f7ae-495d-aa3a-631159a7af45', 1),
        ('27155', 'd61e7323-a5e5-4f81-98b5-0b46c9fb023f', 1),
        ('80235', 'a2299122-1ec0-4fd5-b8c0-59542c72c1af', 1),
        ('79716', '335a5a22-15df-4f5b-a71b-231308ec7b8b', 1),
        ('79656', '2caaa53f-df0f-42ec-875e-f593ca498ce5', 1),
        ('25169', '908a1949-54db-4ef8-b3cb-6bfc770e5c7f', 1),
        ('83725', '38f251c4-6627-4962-ab49-99e9fe8c1bae', 1),
        ('97743', '77979586-c0be-463f-941d-501ca1053172', 1),
        ('34741', '2724fe4b-02cf-4a49-a7e2-0a2c100fa277', 1),
        ('90619', '76c8dd58-797b-4f6f-93e5-118f6457d520', 1),
        ('36923', 'd44ff2ba-3782-4522-9e8f-410fc825bbd3', 1),
        ('23542', '460e6834-2b7e-475b-bfed-5738966cf999', 1),
        ('54342', 'f6529574-cb8a-44da-b938-a9e03aaea718', 1),
        ('87502', '05a962b8-9021-421a-b80a-9e5511cecc72', 1),
        ('54331', 'beac5679-1790-4d51-bde8-c4db6c17dfca', 1),
        ('79850', 'd3a84fce-3047-456a-bb69-74c1c9e52f7d', 1),
        ('99612', '948d512b-d181-429d-9b06-5bc697fa2324', 1),
        ('72216', '3a5fa8fe-5bee-4ae5-9532-2d2269e09614', 1),
        ('34807', 'd21af439-851c-41dc-b9c2-beea36d3fe7e', 1),
        ('19134', '472971fb-63c6-4143-87e2-a311b732a7cd', 1),
        ('97782', 'ccc0d0d9-4967-47ea-b15b-432394de3500', 1),
        ('81143', '5251f43e-3740-43d7-af28-03cd68eba194', 1),
        ('41990', '89f475ec-accd-4995-b9a2-95d2ab72fc06', 1),
        ('60852', '7f82aaeb-1a3f-48a5-91e1-c6006891bb6e', 1),
        ('93834', '700984c7-da28-4df1-acb1-ee6c131ca5a0', 1),
        ('47768', '27e6a7f8-ea81-4221-a105-3c12a1012003', 1),
        ('71399', '9c617159-8cdf-4572-aa77-f6e250bf4b0c', 1),
        ('16834', 'c9081205-ad76-41da-a0a5-f8e3e289f070', 1),
        ('41422', 'e79eeb50-2a83-4364-8e55-07cd87aabe50', 1),
        ('84713', '93b12e88-156b-4b62-9659-f5a53a2f3cb9', 1),
        ('20692', 'ec9d5d71-9b5d-43a2-9197-d8f1799584c0', 1),
        ('13664', '07e8a068-5f25-4234-ab26-68f96cea5bab', 1),
        ('75600', '8be25a69-2413-47aa-89b0-bce62c6382fd', 1),
        ('90291', '480b5c06-aa48-4396-819b-9f548a14d605', 1),
        ('43066', '9a0b72ea-0ac5-4b78-87bf-1b067f7dc5d9', 2),
        ('71061', 'a8acad69-d78d-4495-81c5-97981ee5e592', 2),
        ('93033', '57061bb9-374c-4875-b88e-c32702519067', 2),
        ('24919', 'b540b628-099e-4a47-88a5-cc988c01e06f', 2),
        ('45320', 'f285ed52-a393-4f7b-b9d9-82fddf7a9ce8', 2),
        ('50910', '2f250949-2ff5-49d4-9caa-dfdae32ea8c4', 2),
        ('51290', 'c66a8525-b520-4aaf-9ed6-0ef66b11597a', 2),
        ('97023', '5d1d16d7-10d8-4786-94bb-f4c333f84b4e', 2),
        ('86833', '454c37af-8c71-451d-8f38-c1cd7621e246', 2),
        ('27569', 'ceecbd8e-a783-42bd-8897-7af5f9babd16', 2),
        ('50194', 'bcd335be-6a52-4032-9de0-4f5bb3a05e96', 2),
        ('74015', '369bb994-4e24-4faf-90e7-4a8583ef61ba', 2),
        ('91604', 'cc9f94d8-74da-45e9-8fdf-11166a521240', 2),
        ('43476', '6c39414d-2de6-49cb-8aeb-4fa279b28ca7', 2),
        ('13060', 'b8ff5a7c-67e1-4503-805e-0816860602b4', 2),
        ('36330', '021c8d2e-52cf-4fd9-b301-c0415fbaae08', 2),
        ('65559', '18a3b20e-4fff-4531-8eec-7f8524145a46', 2),
        ('11231', '6f050bff-d63d-4f0f-b2eb-4a97c3904bba', 2),
        ('93936', 'bf7eab87-2c66-4c3d-bf4f-1bc8c2642739', 2),
        ('91495', 'dfbb80c2-4df7-446e-9f52-310a9ab96370', 2),
        ('11208', 'a0529a16-d61b-437d-b963-198378ced742', 2),
        ('35697', '5a9a4538-b317-40bb-8926-67bb0eace04f', 2),
        ('28031', 'c668ed1d-3412-419b-9a24-0a2bd1ff247d', 2),
        ('68794', 'd6479187-46d2-4915-99a1-69f0814d782f', 2),
        ('83311', '3590bc1c-34e1-48fe-9b11-16399af0f982', 2),
        ('92104', '667c4336-aaad-448b-af62-930469e5b8da', 2),
        ('80180', 'e206252a-35b4-43dd-ae8b-f053ce84a60b', 2),
        ('67233', '37bd5b6d-92d2-4509-b70e-92bb0fb519c2', 2),
        ('86776', '067247dd-91ea-4229-9aa6-8bbcf80716b6', 2),
        ('89968', '019f1357-0b73-467f-9cc6-cd9c1a791406', 2),
        ('95952', 'ae47d782-e8ec-451d-8bb2-44a3897db172', 2),
        ('48627', '89c5e5bb-a9ef-4ea6-bdae-71609177cfd8', 2),
        ('81189', '6197bbfa-077e-4baf-97f3-dc88c1dadb32', 2),
        ('23346', 'dab6fd6f-0ca9-4388-9514-242a87e2bbf8', 2),
        ('99019', '2c866aec-bdef-4ac6-b46a-f977b9fd665c', 2),
        ('53395', '623058a4-3956-4476-89bc-e6fb90ee6899', 2),
        ('76591', 'e02a1cdc-19be-4a1b-832a-cf220c6f6c47', 2),
        ('21099', 'c7449874-421c-4128-b0d1-b1edef6632bd', 2),
        ('77316', '2f79854c-d8a3-422a-8bef-c8665bd1b86f', 2),
        ('63033', '0d209223-5f23-4799-8829-37113618e71b', 2),
        ('76596', '3bc730d8-a722-4753-bc19-c7fa4a3ef243', 3),
        ('95032', '31d64433-5200-4b0c-aa96-4b5fbd9cdfa2', 3),
        ('56866', '7f77bed6-c37b-4086-8cba-3dce204c0359', 3),
        ('14767', 'c8e73461-2ca4-41ad-b2d1-f30e7715f3ff', 3),
        ('34305', '8a4c2834-53c4-4afd-98a2-903934d066e6', 3),
        ('12866', 'e2af5a94-2eae-4740-a164-26b9716f4449', 3),
        ('86940', '5ba17e40-7090-44db-9bfb-0cd2981e0df5', 3),
        ('15751', '29ce7246-d1af-4b39-b3c0-ab329a7a42a1', 3),
        ('32567', '4876a1fe-2552-443d-bf8c-239c242b93a6', 3),
        ('18758', 'a490f868-99d5-4763-a023-2e78644850da', 3),
        ('54818', '20fadb73-6a61-4979-87e1-42946515b89b', 3),
        ('66695', '3159cab6-05c5-496d-8324-1991937b1126', 3),
        ('50238', '6ecb1d4f-56ae-4a8a-996b-002a29560ed1', 3),
        ('72612', '6f1a2592-34ac-4632-88f6-b8d7142f871a', 3),
        ('13754', '5a5502f7-ab54-4f80-90ef-4383c659db1a', 3),
        ('33314', '442bf993-309c-4622-80c8-be9e9b2b5365', 3),
        ('98630', 'bfa1639e-5c6a-4d9e-b84d-d4b12c3967f2', 3),
        ('38165', '3b2d2518-cab8-4cfc-b12f-765ed49056db', 3),
        ('79149', 'd823a168-6998-4b2d-8509-6828de80e8bc', 3),
        ('42618', '27ab74b5-4a7f-44fc-8448-4b0cb050483f', 3),
        ('67085', 'ea8e39f9-7924-44bc-8ad4-0075ec7f5725', 3),
        ('72182', '392e6baf-f97b-47c3-929a-63b78afab777', 3),
        ('81363', '570492a0-c855-43f1-949e-7c39bf34aa43', 3),
        ('21999', 'b02d05d4-4d3a-4bc0-b549-189860119b90', 3),
        ('87721', 'b6a2fced-c892-446c-874f-4db04fc8e3aa', 3),
        ('45201', '1b770c25-da35-453a-80a7-43b2d43e160c', 3),
        ('13938', 'fbd5ba5c-230f-4d8a-8d39-89b481e78809', 3),
        ('28999', '73e0ed8e-029d-48db-8cd4-c56a2d55a7fe', 3),
        ('16809', 'f1d8158e-7ae6-4f2d-837f-01ab56ba86c0', 3),
        ('25481', '7b8aa94b-ef2c-4cf3-a8b4-05521b2501ea', 3),
        ('96646', 'b7825002-388c-4038-9fe2-b359e1f80584', 3),
        ('65988', 'd2bce5bd-6a18-42b1-8344-ac4cfcf87135', 3),
        ('26140', 'ccb77ae7-36c2-40f1-a86c-3c050793c9b6', 3),
        ('53497', '978133b1-ccf9-448f-9c59-84d188ef69ec', 3),
        ('50067', 'c0c98ab3-7b66-4a78-8a16-1838a0793876', 3),
        ('83291', '92985087-0954-473b-b4fa-b4666f6ef844', 3),
        ('47731', '28ff79c9-d413-47dc-a6d9-f58cc0d70313', 3),
        ('69704', '08439eeb-fc47-4524-9c22-3ef45ae47e0d', 3),
        ('27827', '918b07b9-d7ae-4755-bdc0-56b3a55603a4', 3),
        ('48691', 'ad9c7d46-2b11-4277-a901-fe05a05248f3', 3),
        ('74476', '947787f7-3ad2-4150-840f-77fb0dbc2ef4', 4),
        ('18191', 'e5c1deac-69f9-4f10-b3ca-b4de5b8edaf3', 4),
        ('96171', '8ae97d1e-cdf8-4f23-bd2e-10fd4f386203', 4),
        ('33192', 'a890c0ef-e21c-44db-b9d8-b4f9d050aaf9', 4),
        ('90501', '843aca61-345a-4b8e-827a-e993f53b1d5f', 4),
        ('90986', '311fb107-cd89-413f-afd0-6ba5175fc42b', 4),
        ('31799', 'f6313837-7b8d-4413-aba0-1d612ac2645d', 4),
        ('95191', '1bdd17f8-ca84-4cc7-9af5-6a1b6fe84814', 4),
        ('15433', 'c5379d7e-614b-47d1-afe0-ae9ff35e8394', 4),
        ('60891', 'ca01c2d4-cca7-4361-b37b-e5ab8d7b42ba', 4),
        ('46239', 'b3d7b738-dea8-4658-b8e6-b0af304e8a5c', 4),
        ('52157', 'b3e5fd1d-89df-4e89-b5da-d857066e6b0d', 4),
        ('28424', 'ceb9da9f-9bfa-4f24-ac8c-85bf70535c31', 4),
        ('39017', 'd0f2bcbc-24d6-42df-b0ab-fab3a2fd12e5', 4),
        ('30007', '97ab77ee-9b58-4d32-83fc-3ce12428a87f', 4),
        ('68704', '0e8fee8f-ab2d-438b-9772-f7d0545ff8e6', 4),
        ('87731', '2c2cdf6b-af1d-4c38-b4e1-83f826ab13f5', 4),
        ('64345', '7000b6f2-4884-458d-ad3e-c62a91174c78', 4),
        ('59764', '5ba4f0f7-35f9-4f36-8979-74531b2de243', 4),
        ('20662', '2314c420-982a-4091-ae5b-a4949f40916a', 4),
        ('89725', '002e29be-8cf0-4bd5-9616-565076ee6547', 4),
        ('76440', 'ff98dc58-5db0-42de-a526-def4e528b2d1', 4),
        ('65124', '23f215b2-7c09-48c8-89e6-603f0dc198d6', 4),
        ('17239', '203acd52-9f23-42ca-8bec-de9cc8018001', 4),
        ('33694', '0f3c187c-38a4-441f-8c4e-64daa078bee0', 4),
        ('67483', '9c8bcaab-7604-417b-a5ae-8c310905a512', 4),
        ('41805', '9e06825a-98cd-4f4f-adbe-8367fd6d75b4', 4),
        ('45903', '12ddd086-b68f-4af0-9d5c-e6dd5f47b2fd', 4),
        ('49892', '60f7de98-48e7-45ee-93ec-939820eb7559', 4),
        ('16335', '04fb69e3-5687-4330-a326-ab173ccce03f', 4),
        ('55907', '8fb7bc66-ce6c-4092-9530-3cf992d61c74', 4),
        ('52608', '8032c1a8-1d48-4099-9f3f-a62fc56bd491', 4),
        ('42995', '8533fbdb-183c-483a-89be-f33997a3e93e', 4),
        ('69648', 'bc424a84-ed2e-4fdb-b649-ba23e1e8cbe6', 4),
        ('96381', '27bb2939-3d3e-4b93-aefb-9d023d7bc21f', 4),
        ('36802', '35f9fdae-ce03-4dfe-8a8c-0e2ec4fbc0c3', 4),
        ('28102', 'ba023615-86c5-43b5-a916-b82be845cc27', 4),
        ('14882', '0ebf11a3-788e-4af5-804c-1d85f8a9e4fe', 4),
        ('33820', '7d12238b-3fb8-4e50-8174-28e1377ea6fb', 4),
        ('95945', '4bb76d68-71e7-47ec-a453-54cb81eac2f3', 4),
        ('77334', '06d95752-5470-4e57-b4b2-c704aef5282d', 5),
        ('38744', '7d94631a-2670-4db6-aee5-0dc18de91dce', 5),
        ('27853', '26c08cfe-deac-44dd-9fc2-419fece2731a', 5),
        ('22696', '3ce59ad0-ef31-46d3-b725-3133f38e861a', 5),
        ('55113', 'db8f93b7-34a8-46c6-b15b-1562ea8c9d5a', 5),
        ('74725', '7c992679-ceed-441c-9a59-b8265792661c', 5),
        ('39187', 'c83d972b-bb4f-4982-874e-92c31d42e158', 5),
        ('67704', '23872394-bc9f-4d65-bf2c-1a1a324b02fe', 5),
        ('29847', 'f5c036f8-33e4-4b3a-ba41-c5be1446ad44', 5),
        ('83692', 'fd2c21a6-9a87-4a5b-84b5-a4b0289c3070', 5),
        ('28754', '5abafc2d-3d71-481e-adb1-80c3294532ee', 5),
        ('38496', '6a34b1e7-5834-4275-a2f7-e22eae6399bf', 5),
        ('29520', 'a0b89e8a-7ce5-4304-bd0f-feeff6a19026', 5),
        ('94586', '0f14837c-2cd2-4b84-8eef-fc5e4a7181d3', 5),
        ('96549', '77150229-11ca-47ad-beff-bcdae717c2db', 5),
        ('54492', '2061bf8b-c308-4e5b-85ec-64f2fd8ff85c', 5),
        ('13549', 'f9453e42-7868-47a0-9e54-8daf28e869a6', 5),
        ('52390', '612bf5c5-8e59-413a-bdc9-100e1574b06d', 5),
        ('42977', 'b3af656a-9408-43cc-a1eb-42cd6146611c', 5),
        ('24170', '77b8cd77-8334-4b82-b6b7-82b69f8e376e', 5),
        ('64969', '7ccd197f-8523-4537-9448-a58894cb9029', 5),
        ('47481', '8b7723ae-2d4c-4dcc-8207-df3f19c5163c', 5),
        ('35896', '87db35c3-5cb9-43eb-9930-f8a3b0eb6211', 5),
        ('44601', '21bb8751-51b0-453a-9858-01935cf627a5', 5),
        ('54198', '5d88a820-a73a-4542-979c-8ed37ecca943', 5),
        ('83408', 'b2e080a5-8a35-4d3c-b288-30bf92f551e1', 5),
        ('97658', '0aaffaac-9e7f-45c2-8c0c-ac067e82eadf', 5),
        ('14957', 'f0fc432f-226c-4d62-a840-0b550604db2c', 5),
        ('53964', '0b623166-9738-48d9-954f-4fb30e7b6aa4', 5),
        ('21650', 'bc16b2c2-5234-47f2-a581-d42b9cda531f', 5),
        ('55550', '6618d48e-0622-4536-9e36-cc38185b2ba8', 5),
        ('37141', '02f59ce4-b87c-4baf-988c-08b58fc46212', 5),
        ('95020', '9b44de4b-de0c-4800-b558-f829b26a57e3', 5),
        ('11958', 'f1bf14b4-a482-4b8d-a2b1-cff8d2e4c915', 5),
        ('48985', 'a3c7a33b-6a89-4813-a936-8dae713e1102', 5),
        ('12800', '49eff73d-8e49-41a6-ac36-908958cb4cb0', 5),
        ('99449', '05bbc5e8-34cc-4130-b1a0-63af6d5a43f1', 5),
        ('89276', 'a2b6f900-8a88-462a-a087-9c553f9c775c', 5),
        ('10101', '8b105217-c11b-45e9-a0c3-efebfa12fcd0', 5),
        ('67285', 'c6dc1b7c-8c52-43a8-bcf1-b85d81d85b64', 5),
        ('92964', 'b8eeff35-182c-42d6-a7c5-8eb894200475', 6),
        ('38448', 'fcde83b2-a3c6-4b7a-b857-48e1c226b4b3', 6),
        ('16659', 'd5b97966-167f-4ea1-b6ed-3721de481b7d', 6),
        ('90117', 'f5c18b39-a350-4661-bfa1-d8716c3a76ae', 6),
        ('67734', '8c215554-5bfd-47c3-bbc5-43460db8b76c', 6),
        ('14968', '8b08ad02-dc3f-45e6-8d31-260f5c962fd7', 6),
        ('68556', '618e47da-580b-4bcf-a645-272f75f5f21f', 6),
        ('55825', '4d7126e3-87e5-4cec-b217-77c750cd4da1', 6),
        ('97134', '0e402305-69ee-4b58-86c1-e5d148336c7d', 6),
        ('33370', '9228d41c-ef83-4176-aee2-bb42d7d614fb', 6),
        ('89711', 'e363bc55-3d3b-4a69-98b6-96c76f4ef0f4', 6),
        ('75355', '9e615778-3320-4349-a3e8-280470bce172', 6),
        ('39877', '1e913655-1d38-4e82-bb15-ced88d70f750', 6),
        ('13317', 'dd1b85ea-7fb6-4907-8a41-44ed69f1fb41', 6),
        ('19296', '50edefec-f45b-45ba-b237-b06c08e85e83', 6),
        ('74717', '329468c8-76a5-4097-9676-2c44782cf5ac', 6),
        ('25736', '82d741e7-ba45-4f05-839a-3715fcbb4273', 6),
        ('66408', 'e70a6922-31bd-4d7e-971a-256a99caea10', 6),
        ('37084', '0d4f7557-56ee-445d-a789-1cb63ea4b23a', 6),
        ('85015', '40639983-bd5d-415b-b24b-b524ca276b0b', 6),
        ('60696', 'f294725d-75c8-4c59-8bc1-82342c6947ac', 6),
        ('82070', 'b4038f34-72f8-4cc2-a1ca-bc10ef4bfcb8', 6),
        ('55147', 'f08032ec-189e-418e-8e25-44bdb30ef398', 6),
        ('87902', '52d1a70b-fde0-42e1-b5a0-bf78361f1db1', 6),
        ('66740', '33029248-1888-419a-b935-cf05f07b9e87', 6),
        ('23471', '88533945-3c77-4ebe-93e5-3b3ecb356515', 6),
        ('14387', 'c9f22a6e-922c-4ede-8fd2-aa3f99f1984e', 6),
        ('11279', '54750ed0-4478-47cc-9c66-7c4187f8da97', 6),
        ('98347', '925c330c-c506-46df-9fe6-a91bcdcc138b', 6),
        ('97379', 'feb73183-0088-43a0-976f-b169b422c555', 6),
        ('39756', '9b24e858-8e21-4743-bcf6-ff34f8e2e384', 6),
        ('33877', 'bbd8a56b-9256-4d1f-9855-ed0bf39983f0', 6),
        ('64319', '7b5f2d74-c47e-47cf-96f1-2faf03a80b2e', 6),
        ('78445', '75001a9b-b554-4caa-932f-d4b8ba1df7dc', 6),
        ('67528', '7449675c-ee29-4b07-8feb-5edf3a802d79', 6),
        ('85740', '1f2755f0-aa00-4478-bea9-65a73c3a8122', 6),
        ('29280', '0059e021-09fb-4340-a019-179e8b0a6e01', 6),
        ('32746', 'bdf43de4-163d-4192-a7fb-62424f780e76', 6),
        ('11088', '2e13da8e-d286-4dd1-ab3e-9fcf0d05a5b8', 6),
        ('45558', 'dd02db01-faad-4af3-8ac7-d5537a420d69', 6),
        ('80793', 'f61c09f5-4f47-4ec6-a25a-f04e3a5dc208', 7),
        ('54294', '0de23510-dbbe-4a82-83c3-34af92119254', 7),
        ('76896', '183688fa-7667-48b5-a62f-0d9e2e5ee173', 7),
        ('85367', '524c0de9-2b27-4ff1-995c-f925dfb9eec3', 7),
        ('16354', 'bcf526c8-8bb1-4836-8a1b-7e3515b4a652', 7),
        ('71579', '872de2ca-b011-452d-b551-4c15b9d5d1f6', 7),
        ('19955', 'ee902a57-f0fa-40d6-b0fe-50fc8e5a9193', 7),
        ('42879', '3f0a794f-d495-435e-bec2-fbb19f67cf2c', 7),
        ('12239', '3222e6ca-611e-4445-b141-8446e1c0733a', 7),
        ('76593', '99fa75d4-4b54-412f-9115-29e780006ab8', 7),
        ('53513', 'c97ef3aa-10bf-4d0c-9443-944e0bfb5619', 7),
        ('51097', 'b5eaa273-3c47-4f96-a176-2db490a477e0', 7),
        ('44127', 'b979d0e7-0f93-43f4-b7e3-5f04616ec3c4', 7),
        ('82491', '9376763e-688a-4818-9f01-1ed79811823f', 7),
        ('65641', 'cb2815d0-f4a2-44d1-990d-1ae58b4b2f4b', 7),
        ('94059', 'a7503457-a568-41e0-8a63-eb27ef28a608', 7),
        ('48971', '01b9b021-674b-41f9-aa09-e0effb17a7f3', 7),
        ('23144', '21774589-87d5-4489-92fd-b5a99c11a28c', 7),
        ('15677', '80d9309e-44e1-4dd1-9c2c-d567b48e68e7', 7),
        ('68658', '4230eed1-329d-49fc-8471-5b901de41f63', 7),
        ('25145', 'cc7b4b30-c44e-4e14-8455-c18860f53422', 7),
        ('22927', 'c7d2b3fe-dcce-4ebe-96ac-788200eaeca3', 7),
        ('43007', 'c4cc4a5c-37d9-4d6b-b22b-f0e65456e3fe', 7),
        ('89906', '92233b94-ae6e-4588-9eb1-32a9ce1d2929', 7),
        ('51945', 'd3375221-d2f2-42aa-b372-af3236d70b72', 7),
        ('18399', '999e7a26-a52f-4101-82b6-68a7d46ed0db', 7),
        ('26242', '06b90d03-90bf-4a14-9631-43aec05be888', 7),
        ('74216', '24abfa3c-b756-4858-af0f-385ab436cb14', 7),
        ('66443', 'bbb0a8b7-f701-490f-b468-095d37477eb3', 7),
        ('81161', 'c1446a5f-6670-4923-ba8a-e09f02a316f2', 7),
        ('73000', 'c8333e9d-c69f-447b-b973-58acb6ad385b', 7),
        ('90371', '1f29fe75-b09b-4461-b98c-70646c5ccfe1', 7),
        ('83999', 'e4d127ef-d6e3-4537-b931-6dfc7d7f98fb', 7),
        ('94852', '6cac64ba-b57f-4001-ae88-44a1332a34ff', 7),
        ('17646', '3d1e1125-b645-430f-8d08-7bddbb9d3fc6', 7),
        ('87230', '2a777637-d8d6-47a1-8ce5-263036f1895d', 7),
        ('90865', 'b376853f-de3e-428f-99e6-5c6b3d75a803', 7),
        ('20356', '3cf13f20-0e9b-4caa-9ed0-1d2ad2a13e4c', 7),
        ('15411', '496d3b0a-2d71-425f-a11b-1daf1f49d050', 7),
        ('12782', '81ec06ec-ec3d-4400-86fd-261ea41bb6c2', 7),
        ('94479', 'db285da6-2f42-439a-a317-9b308e2c1377', 8),
        ('51201', '7b6d6e7b-4fb0-4842-ae35-fda09c4a1684', 8),
        ('45257', 'e64f4062-6aa3-4137-ad41-57f1f0301e6e', 8),
        ('31731', '9153208e-30e7-4248-ba3a-92ba5d50aa8e', 8),
        ('78089', '903b6b94-4a06-45a8-8c84-7f5d4e78dfd5', 8),
        ('11438', '4447f1e3-54a6-4ce3-95af-e7dbee0a2081', 8),
        ('95925', '4a2da531-8c51-40cb-819b-b7bc1a945678', 8),
        ('62468', 'd8aa11b6-0e6f-4453-a1e0-c2a206de0d4f', 8),
        ('75891', 'd51308e6-d069-45e5-b950-9e935cbecfb4', 8),
        ('78239', '662ced03-0804-4435-ba56-51ba1acaeab4', 8),
        ('41208', '8bd4ee13-9e23-41cf-8228-343a624595b1', 8),
        ('30315', '66ef6330-217e-4c9d-b745-7bbb6c92cbce', 8),
        ('41269', '8209c68b-fd5c-4173-9e59-2bae294ff6ac', 8),
        ('72133', 'b92c031c-3901-4bab-8f38-892857e586de', 8),
        ('51609', '924a1e76-8ce7-4af1-a62a-3e2f309ff9db', 8),
        ('94061', '15c50435-ba7c-4ea4-ae3a-7d0bfdeea15a', 8),
        ('11324', '61295936-2e33-4145-a3e9-241d1473f08b', 8),
        ('85760', '4a057240-f644-4aaa-9bfa-a848983953b2', 8),
        ('17347', '1901323f-d815-4817-a5e2-1c82161d1c2d', 8),
        ('68078', '403e18a3-1872-4ffc-8fe3-16d8e5b47af7', 8),
        ('16787', 'd6eab2dd-18fc-4b48-918e-ed098fb56f2b', 8),
        ('29083', '1543fd61-f9a2-4412-941b-2c95d62f675f', 8),
        ('52243', 'ca3bf264-6e92-4a95-b443-7d6a61810d75', 8),
        ('47872', '6b570a68-e6dd-4aec-96cc-fbe4ed56764f', 8),
        ('84202', 'b29caa1d-a88d-4a39-ad0c-83eb9962034a', 8),
        ('64878', '173fcbd5-fba9-450d-b27d-0de3f3f9d3b3', 8),
        ('92848', 'c5da8ab5-4430-4294-802b-1e6970abf9ee', 8),
        ('61451', '81963f60-b314-485d-b693-9f4a456b7466', 8),
        ('67471', '9120d71a-0b80-4bcb-88f8-c9e499cb7555', 8),
        ('77850', '7aa04bf3-70bf-4f50-b578-f3a53b02748a', 8),
        ('17569', '5e646df0-3af0-4e2b-b3f4-b1435c3df845', 8),
        ('59605', 'f638f294-8290-46aa-9fda-3088939f957b', 8),
        ('40405', '9fbf3f82-0ea6-4b5e-9ba9-50e4bad1c8e3', 8),
        ('22359', '2ee691bf-fb0d-4182-bdfe-742847770753', 8),
        ('48010', 'be103747-1217-444e-87a0-cbfaae0ec139', 8),
        ('24249', '9110f42f-df0b-4a0b-9431-b7d17d44bb2d', 8),
        ('17341', '2935479f-e852-4e4a-aa40-263400fd18e2', 8),
        ('63825', 'a1a446cc-2bae-48a1-b45f-0bba40ce7244', 8),
        ('53599', '38556522-0816-40f5-b352-26ad11385ba3', 8),
        ('53023', '7e3d93ae-2e16-4422-a870-7bc6722aa7aa', 8),
        ('22674', '71826c0e-d154-48fe-9b33-1f0c21208388', 1),
        ('40234', 'bda993de-b26e-489a-adb0-97e1fcceffbd', 1),
        ('20977', '7e56f77d-a711-46b7-8282-3acd0da3b370', 1),
        ('91017', 'e876f0d1-ada4-43c0-be95-c8d6c1335154', 1),
        ('37142', '9561084e-8258-4025-8b94-4c708d87d37c', 1),
        ('69119', 'd9a2332a-e7cc-4c7d-9cf1-2d0c2e41d2d0', 1),
        ('33993', '72c7000a-40a2-4a58-9cac-0c3e3aa99adf', 1),
        ('74611', 'c46a3af0-865a-4b2b-8fd3-bfed90b43a7e', 1),
        ('58030', '447797f6-9d17-41f3-8668-0f3b0ecf5680', 1),
        ('68626', '46fb5c00-848b-487c-9317-062c50c02fac', 1),
        ('40971', 'a0e6a329-3c84-46c0-9f03-e364c6e531a1', 1),
        ('26812', '9bc67f03-3a21-4d44-8cb1-603afeccec21', 1),
        ('50703', '381938f6-a855-4c13-a840-4f8a038df028', 1),
        ('87502', '4896922f-b3f9-4a60-b87e-032912ed05ac', 1),
        ('54477', '1c8175e7-92db-421c-8b46-971a7a902d67', 1),
        ('90046', '145e9d34-2e79-460d-a22d-461c46bb822a', 1),
        ('21792', '62599a7f-2b9b-42ab-b571-e1625bf502d2', 1),
        ('63446', '8aa04025-c8b1-4721-ac38-2add0024c6e4', 1),
        ('85422', '0f0ce103-a31f-4a09-ab26-8ed730b8cc64', 1),
        ('50011', '16c78dd7-1073-4128-bcc5-848783304ba1', 1),
        ('29596', '09a041a3-d9b5-49f3-b7b2-c103ac11ae72', 1),
        ('81022', '02e96f5d-07ec-4c9c-972a-719de159ddde', 1),
        ('36374', 'f44f5668-8492-41c4-b04a-c420b232d468', 1),
        ('61084', '4615d45a-0908-4319-a4d8-09396ed046e8', 1),
        ('20599', '15b440ce-ca95-49dd-99ba-f5c65b816a8f', 1),
        ('63893', 'd30969a4-c4ac-4b8c-8e75-e5572e353b68', 1),
        ('40974', '255ae1ec-a84d-49c9-9615-585181dd27c9', 1),
        ('19906', '804824da-8854-4f9c-8d0d-212f250c2f88', 1),
        ('73689', '7d6e721d-9b35-44ce-9e3d-1c6b977a47c3', 1),
        ('17098', '397a3605-1857-49e0-9b8e-21faba0083d3', 1),
        ('16418', '7415d5ec-be24-4e39-9db1-93c93de5c64d', 1),
        ('89705', 'b9856614-5c98-40b2-aa68-0296703c88f5', 1),
        ('39326', 'a9dfab3e-fd03-46d6-90a5-07644e9039bb', 1),
        ('28213', '1d2653d4-3182-4a6b-a3cb-189eb5bb0cc7', 1),
        ('73835', '3de7c0fc-c7b5-4bd6-b2f2-8c006f129e45', 1),
        ('30087', '27162356-b3e5-47b8-ab9d-b8e9f4cac5a6', 1),
        ('71335', '39e575a9-9630-43e8-ba58-cd9637d28734', 1),
        ('51945', 'ba531044-9324-45cc-9b60-8cf2db28cfe7', 1),
        ('97870', 'd0879b71-e028-490c-a999-4aebce8025d5', 1),
        ('77691', '4e2b5b12-a8ea-4ff1-8072-2175e3849f38', 1),
        ('82880', 'e65cfcea-2acf-40d8-9b80-8f7a661070bd', 2),
        ('70615', '8f80f01f-ec5c-41e7-8b02-1590bf3b80ea', 2),
        ('38435', 'ef8c6b57-ecb7-4c0c-b7d5-db4b1034c8ce', 2),
        ('52689', 'dd9d1d5e-8e2e-4e33-a2be-533224e37774', 2),
        ('55686', '779f9b98-9afe-4a01-95fb-e1432dbd9f19', 2),
        ('31769', '10e2f73d-b501-4ac9-be6d-d8e8ad5439d7', 2),
        ('21882', '2088212d-3832-43b4-b6b5-1d2e70a8a065', 2),
        ('19661', '9efd9e78-f82b-4dfa-9a75-7b5c07c44299', 2),
        ('49076', '26dae747-cb04-43ba-b27f-ea901eca64b7', 2),
        ('74776', '7b9e9d8e-9f8f-4979-bf1b-6e8ecd42e17d', 2),
        ('24904', '135db2e9-be4c-4770-b3bf-edbb2d9b471b', 2),
        ('50139', 'df5df1e0-c10e-4e3e-bc29-1f0fe8930f73', 2),
        ('12298', '7434bad1-a75e-422e-81e4-0465c8de02e2', 2),
        ('70701', 'f61c0f27-1446-47ce-8d46-ab475fb2e1f6', 2),
        ('93306', '87e63d65-1e4f-44d2-acfd-c22f8b43ff1d', 2),
        ('90220', 'f74c4261-d086-45f8-8514-e59542aa40de', 2),
        ('72573', '11d3266d-ee10-47ff-8d58-c52d8eaa0a04', 2),
        ('80111', '1bbaf20b-9720-4df4-a8b8-ff0f53d64004', 2),
        ('12345', '8eae5318-fa3f-4479-bfad-e764cbfc4ca1', 2),
        ('26466', '09f7c51b-579e-47fc-b97b-a9f74e586b54', 2),
        ('32069', '834642ed-70fa-4390-bb59-90a4e68da87e', 2),
        ('72220', '86c74428-fcb9-4131-9799-5b49f3d4d6b7', 2),
        ('10763', 'a4562622-9c16-4ab0-8867-80c01448161c', 2),
        ('46477', 'd35c7d5a-e9c5-4504-a0cc-0c7871253baa', 2),
        ('64137', '9ac83646-8524-4411-8c98-5125499b23eb', 2),
        ('59486', '836cb232-b47b-4597-96f4-31141ece9451', 2),
        ('54125', '2a096d16-7691-48aa-99df-d3932a48a3e6', 2),
        ('53762', 'd71b69fc-01f9-40d4-a4bb-6bf691613cdf', 2),
        ('31813', 'c84b3b88-dc61-42bf-a48f-b5e05bb34d42', 2),
        ('29845', '2209910a-8d1c-4eab-90f2-e03fdae8924a', 2),
        ('14535', 'f2f7775f-7cb2-4fe6-ac4b-1378cdda1624', 2),
        ('73649', 'aa6c4371-93dc-4c9d-ab9d-f3817cf8408c', 2),
        ('94392', 'c3f47c2a-c17e-40a7-a117-b4bb0d0609cf', 2),
        ('75112', '3c8eacd5-4234-416c-943c-60cbec71c0a7', 2),
        ('36221', 'e4e70c23-aee3-4941-9ad4-9448f65e0cc8', 2),
        ('64816', '43d46bad-6f7f-4fe6-9172-a5ca79403e4f', 2),
        ('44894', 'c74344be-5f1f-4e40-ae44-e37d50c2c699', 2),
        ('45410', 'bfeda5ee-2dd2-4ad0-a824-46af359bb31e', 2),
        ('33875', 'eec1b1cc-e45a-455e-a509-0ec21352cf13', 2),
        ('41873', 'd2fc8a78-f12d-4859-9ab3-611fa87b937e', 2),
        ('74548', '805f1f62-2046-4df4-8f27-524f4a141dc5', 3),
        ('42264', 'd8f302c2-0f12-47c8-bf22-cfb16ea61099', 3),
        ('10465', 'c2cfdba3-0906-4e54-8360-2167d9e452b6', 3),
        ('88381', '4a520af6-21f7-4ed6-8e73-a6114d73c2f2', 3),
        ('94975', '50d10b03-fcc3-4841-861d-d572a5a1f6fd', 3),
        ('31339', '1242988c-2059-4d41-b0f6-36cb4b2d5c80', 3),
        ('79490', '2ebfdb17-7ec3-4adb-901a-dc5cd03d7c3f', 3),
        ('74532', 'ace779c9-d8e7-4e4f-94fc-52a39611db94', 3),
        ('86894', '24e71be9-79ca-4bab-bbbc-731a320a2989', 3),
        ('73692', '1984481e-73d3-4d79-a9f6-d315b214c997', 3),
        ('13513', 'c909f2a7-bdc2-470f-9df9-599935d8a040', 3),
        ('69821', '5a7368f0-75e8-494e-ba81-036fda5d26aa', 3),
        ('74647', '0b009c3c-9545-421a-ba4f-8156a70ab3b5', 3),
        ('80833', '744dc227-3ca0-43ad-ade1-333a5875158d', 3),
        ('19661', '56e86392-9dfe-453d-bb82-0a8df393cbc6', 3),
        ('20264', 'e1fc3223-3168-43b4-8f33-3a3a756c1941', 3),
        ('57181', '4aebee84-6454-4f27-8a75-141a31260f83', 3),
        ('89454', '89043f1c-20b9-4d0d-a63e-2ea4c8df0660', 3),
        ('71977', '5c338d05-f8ad-4074-9e3d-4d37aa9f61ef', 3),
        ('47718', 'd26f921d-1b74-41cd-ab18-18ce825aca6a', 3),
        ('83452', 'feb5d198-fe38-468f-8cde-5cfd952beac3', 3),
        ('57935', '742856d6-0d69-416d-92a1-d43c792ce97e', 3),
        ('17961', 'b5c88059-8cfe-451c-bfea-6d626def251b', 3),
        ('87482', 'b6525c79-4a02-4b7f-9235-b5c8811ad573', 3),
        ('38080', '0316bbf7-b262-4d05-ba4b-f1416b440e8b', 3),
        ('65601', '0f4e78d2-94ee-42d3-b575-c635167cd432', 3),
        ('69861', 'b1afa635-c0c4-4ae2-94d5-e926891abd9e', 3),
        ('47286', '42408dce-eb7d-49f5-8ad0-c21b12c2538c', 3),
        ('88248', '96cb6d2c-07bb-4508-8966-b461863da7fb', 3),
        ('61540', '7fe4404b-e55d-4832-a2ac-80ffbdbca147', 3),
        ('21340', 'befb685c-4f74-4342-b33f-1c722ce8d977', 3),
        ('52672', '556c403a-87f5-4fb1-8e77-a1a8789d5521', 3),
        ('74553', '7c459481-265f-4251-8181-51a0a5cfb514', 3),
        ('54182', 'b6864cc3-618f-4eea-827c-2bc54b8ce6be', 3),
        ('26948', 'a9747c75-fda3-447e-bae5-826962689f35', 3),
        ('77498', '33f5333f-8040-46e3-b1af-a385433d7957', 3),
        ('89997', 'fc064aff-7023-46ef-afa4-9f2860e79e3f', 3),
        ('98702', 'edfb7cb6-2a20-4165-a835-985c5dc3f2a0', 3),
        ('58353', '98294811-4ff5-4d68-89ee-59e9d96bf3d4', 3),
        ('69848', '6e48d267-2b78-4e4f-81c3-e593f83ffc16', 3),
        ('22693', '832b5dc2-66fe-4636-b5a2-eb31cc1b5b23', 4),
        ('70252', 'ad59a199-2ed9-49e2-a835-164c82f07bf9', 4),
        ('95463', 'bb09fd92-2c31-4769-88c5-b1ee725da255', 4),
        ('80835', '42bd9836-fdcb-4140-8167-a6f763d2c15c', 4),
        ('31401', '8cd38d11-73a4-4528-81a0-c41de84c135d', 4),
        ('95662', 'e2b12c10-e9cd-4d2a-ba76-ccc7e4465ec4', 4),
        ('63193', 'df32cf0f-f6f3-44a1-95ab-56be4ee3c086', 4),
        ('36566', 'f1b1ec90-f0f2-4f45-9884-e67a5c7a6ebd', 4),
        ('69617', 'eecdeddb-4a1f-4e59-9552-a33d39ab8dbe', 4),
        ('56218', 'dd78c42f-f69c-450a-9ce7-661c914ddfd4', 4),
        ('29450', '40a40bac-958e-4a53-980d-cb9b66291375', 4),
        ('58347', '228b465a-35b6-41d9-931a-5d845e1c0423', 4),
        ('35885', '8dc09f95-6954-4276-9a72-83a749ba480e', 4),
        ('17423', '96658fe5-23c1-4c51-a43f-7f17d3274c44', 4),
        ('29578', '6e716cf2-efd8-4102-99d0-6e15ed7865cd', 4),
        ('23995', 'e727d744-36f6-43c7-8dbc-6601d88d34b8', 4),
        ('37129', 'eb7e4100-5d34-4667-8040-8e27126f1a30', 4),
        ('95483', '750e4866-f871-4c45-81e6-a0f25e0f9480', 4),
        ('12478', '9878c3b7-b2e6-4388-9233-899116419ca0', 4),
        ('63107', '6af4deeb-107f-468a-a1da-253491e59da8', 4),
        ('36428', 'd8524123-0cea-4382-bc77-49ad69ca9abe', 4),
        ('54837', '8f7086c5-41c7-4402-ac73-8679ea354c13', 4),
        ('57257', 'bef3d511-a5ae-4f2d-aba9-49cc16db270b', 4),
        ('72472', '70f9a335-7073-49d2-8437-e88e82f9831b', 4),
        ('29370', '83fd4cdc-bcff-40dc-97cc-b833b672f52c', 4),
        ('26963', '58122d53-d3d3-4294-a156-73e58beaf61d', 4),
        ('45077', '34934f7f-7cb7-44a6-9add-da76d032fbb3', 4),
        ('20470', 'e6c87ef9-5c5a-456b-b3a3-a80a98c99ade', 4),
        ('97606', '55d0ad68-798e-4ce6-9de2-d555398a3fa6', 4),
        ('86187', '32cbeb56-d6aa-422e-a406-4cf55fa9972c', 4),
        ('51862', 'c00d77fb-8daf-44cc-b19e-fbed97d38b82', 5),
        ('46052', 'a281c87e-827d-4635-aab4-1f4968ffd517', 5),
        ('68682', 'fc925d20-d9f5-432d-9259-75f53aaeb726', 5),
        ('61946', '39ed43b5-e75b-4366-ae7a-3e5ec897f0fc', 5),
        ('19467', '9ea0a88c-56e7-40e4-807d-50e2db585bfa', 5),
        ('67008', 'ea260be8-2a3a-4fc6-9333-505b4b8ca8d0', 5),
        ('79594', 'e8c6c3a0-7608-44ad-ade2-1665cef5153c', 5),
        ('42782', '2f7bdaa7-dfa8-4bec-8f8a-eb94def1b431', 5),
        ('31951', '289a7dca-7a1a-47d5-9b26-aa36ace0dae1', 5),
        ('31904', '2c77be77-a777-4417-98e2-524550de6b23', 5),
        ('99350', '91929ba9-908f-4b06-a2b5-ef9c5216c0f7', 5),
        ('20946', 'a9774853-971b-488a-b378-5fae369dc749', 5),
        ('68767', '2d51de9f-f62e-489f-a7ba-a257d5bce14e', 5),
        ('49321', '763d9018-c64c-4b1a-9113-68d1faff65e1', 5),
        ('62891', '01179976-31f7-4651-b136-455a69678567', 5),
        ('97043', '226f0dab-5b9c-41f2-a25c-e143e527f85e', 5),
        ('46317', '481f0822-3c3c-4551-a128-54b03a7a42a8', 5),
        ('40315', 'b735f984-c365-4553-94fd-fe3a155254df', 5),
        ('25818', '63a9d2ee-1827-47e6-a4d0-5056b52e9da9', 5),
        ('38260', 'e843685d-99b0-4797-b784-683e9512cb47', 5),
        ('47504', '6a1ea8ab-1550-4991-902d-7f31a3d4bb32', 5),
        ('24499', 'f0dbbb98-1e8c-44ee-b263-71629d30e11c', 5),
        ('25451', '60d49da4-894a-490d-a097-13057e4acd5c', 5),
        ('47709', 'd001b6c8-9472-48f5-a2c2-a45121a75ce2', 5),
        ('65360', 'ebd91378-6624-4389-aa3e-f29221db1329', 5),
        ('17017', 'f4c1fb3a-8a47-4535-ad59-7520eb8b5dd9', 5),
        ('20905', '9d7d3d55-c762-4fbb-a202-fa1f311cf241', 5),
        ('94597', '8fef0819-6f4f-42e8-bcdc-d2eaf093a0d2', 5),
        ('36585', '37923ba4-2cc9-4ac6-b851-8b7c7dbf76b6', 5),
        ('34819', '0b613a54-e59f-4c01-892b-57d17f0c68b9', 5);

--administrator hash mdp = "password"
insert into public.administrator (uid, email, lastname, firstname, password)
values  ('33cee9ed-9727-4e14-b93b-6fb9f88209e5', 'tressie11@gmail.com', 'Paris', 'Tressie', '$2b$10$XxInXyDA6/qm/sxz6fZbs.ujJHlJetpDn/ZFKCvu3nGGC/UNM3iYG'),
        ('c769bceb-729c-4264-a824-c3fae90fcd51', 'hermina.roger28@yahoo.fr', 'Roger', 'Hermina', '$2b$10$ieC11lYTsIqPAALoylPbjuJ7LpGz2WzOAgzMJQLKvc5UG8UK8tdSC'),
        ('312173ac-63e7-40b5-ae67-be254046b8ed', 'elliott.lopez@yahoo.fr', 'Lopez', 'Elliott', '$2b$10$6MAurqSTVs.9HQCYW1JNc.dDXxA4Zwrud0PoPKl/f8hUznjox4uEu'),
        ('90911e26-7945-4775-bf86-12f07f55afbe', 'ryann_leroux@yahoo.fr', 'Leroux', 'Ryann', '$2b$10$dBTR2pBjmfKGJ1Nm/iR0CuigXeglIlyeB3ixbooIMP20bjUY98DbW'),
        ('4edf7805-b210-43c8-92c1-263d70c78881', 'bette25@yahoo.fr', 'Charpentier', 'Bette', '$2b$10$jpp2FAb5v2HKqssLvth25uAruF1g0xssQ86Id/qti/HJXxaUbNihi'),
        ('e1340af0-6f2c-40b5-aba9-44f9a66907b5', 'jayme24@gmail.com', 'Gautier', 'Jayme', '$2b$10$BO.d9i7H3BtwjYxhyNMJM.FORoDoDaPrm2k6k5f4N9Bjy0rwx2kpW'),
        ('66d2c8b5-b290-419e-8b76-41a840b43946', 'jace.leclercq80@gmail.com', 'Leclercq', 'Jace', '$2b$10$ovGAWBxcTUfARem8G3GQZ./DVBUGxwIhe5aP6c2gXjj3882XcN8XC'),
        ('3d0ba533-4844-4a81-8a11-cf8db765ff0d', 'devante_fournier@yahoo.fr', 'Fournier', 'Devante', '$2b$10$JPmA7gGZiFC1sVwk.Pe6w.4zaGNlHPMtW9HPiuVaZvN82HgA2Fu6O'),
        ('24a47a94-eb59-47c5-b696-c16c09f414ff', 'columbus_marchal99@hotmail.fr', 'Marchal', 'Columbus', '$2b$10$iLtVT1vAFLQZXJmMRh9WseaTaNHbzGW11oOxC/eEIo/MP5r/Hd69.'),
        ('1eb65389-250f-4210-8df1-0b274f3713ae', 'sonya.moreau@hotmail.fr', 'Moreau', 'Sonya', '$2b$10$gls5sGwKZFKutLIo.9Sidu.oM4EiMtYAD.mhQZDFj7zLkcgmgTXtK');

--administrator_player
        insert into public.administrator_player (administratoruid, playeruid)
values  ('e1340af0-6f2c-40b5-aba9-44f9a66907b5', '6feb7a7c-659e-4b62-aeb6-c94a56ca0757'),
        ('66d2c8b5-b290-419e-8b76-41a840b43946', '453de19b-3152-47a2-8416-5dbe67d68087'),
        ('3d0ba533-4844-4a81-8a11-cf8db765ff0d', 'bf4f3502-a0f1-455a-b871-731d0bbebf58'),
        ('24a47a94-eb59-47c5-b696-c16c09f414ff', 'cab67f39-e93e-46bd-ab81-92dccd733ed1'),
        ('1eb65389-250f-4210-8df1-0b274f3713ae', 'f0bd34c9-1645-486f-8321-52a3ee5b0192'),
        ('1eb65389-250f-4210-8df1-0b274f3713ae', '77979586-c0be-463f-941d-501ca1053172');

--administrator_federation
insert into public.administrator_federation (administratoruid, federationid)
values  ('90911e26-7945-4775-bf86-12f07f55afbe', 1),
        ('4edf7805-b210-43c8-92c1-263d70c78881', 2),
        ('e1340af0-6f2c-40b5-aba9-44f9a66907b5', 3),
        ('1eb65389-250f-4210-8df1-0b274f3713ae', 4);

--administrator_club
insert into public.administrator_club (administratoruid, clubid)
values  ('33cee9ed-9727-4e14-b93b-6fb9f88209e5', 1),
        ('c769bceb-729c-4264-a824-c3fae90fcd51', 2),
        ('312173ac-63e7-40b5-ae67-be254046b8ed', 3);